Country ID,Education Source Data,Country Name,Year,Education Spend (%),Source Data,CPI
4,Government Expenditure,Afghanistan,2010,17.07,General,100.0
4,Government Expenditure,Afghanistan,2010,17.07,Food,100.0
4,GDP,Afghanistan,2010,3.46,General,100.0
4,GDP,Afghanistan,2010,3.46,Food,100.0
4,Government Expenditure,Afghanistan,2015,12.51,General,132.12
4,Government Expenditure,Afghanistan,2015,12.51,Food,100.82
4,GDP,Afghanistan,2015,3.24,General,132.12
4,GDP,Afghanistan,2015,3.24,Food,100.82
4,Government Expenditure,Afghanistan,2017,15.66,General,144.77
4,Government Expenditure,Afghanistan,2017,15.66,Food,113.93
4,GDP,Afghanistan,2017,3.93,General,144.77
4,GDP,Afghanistan,2017,3.93,Food,113.93
8,Government Expenditure,Albania,2005,11.36,General,86.67
8,Government Expenditure,Albania,2005,11.36,Food,82.81
8,GDP,Albania,2005,3.24,General,86.67
8,GDP,Albania,2005,3.24,Food,82.81
8,Government Expenditure,Albania,2015,11.32,Food,118.82
8,Government Expenditure,Albania,2015,11.32,General,111.4
8,GDP,Albania,2015,3.44,Food,118.82
8,GDP,Albania,2015,3.44,General,111.4
8,Government Expenditure,Albania,2016,13.6,Food,122.56
8,Government Expenditure,Albania,2016,13.6,General,112.82
8,GDP,Albania,2016,3.95,Food,122.56
8,GDP,Albania,2016,3.95,General,112.82
20,GDP,Andorra,2005,1.6,Food,92.0
20,GDP,Andorra,2005,1.6,General,89.61
20,GDP,Andorra,2010,3.06,General,100.0
20,GDP,Andorra,2010,3.06,Food,100.0
20,GDP,Andorra,2017,3.2,Food,112.26
20,GDP,Andorra,2017,3.2,General,105.49
24,Government Expenditure,Angola,2005,7.99,General,53.69
24,Government Expenditure,Angola,2005,7.99,Food,45.46
24,GDP,Angola,2005,2.78,General,53.69
24,GDP,Angola,2005,2.78,Food,45.46
24,Government Expenditure,Angola,2010,8.68,General,100.0
24,Government Expenditure,Angola,2010,8.68,Food,100.0
24,GDP,Angola,2010,3.47,General,100.0
24,GDP,Angola,2010,3.47,Food,100.0
660,GDP,Anguilla,2005,2.95,General,81.9
51,Government Expenditure,Armenia,2005,13.65,General,76.38
51,GDP,Armenia,2005,2.71,General,76.38
51,Government Expenditure,Armenia,2010,12.4,General,100.0
51,Government Expenditure,Armenia,2010,12.4,Food,100.0
51,GDP,Armenia,2010,3.25,General,100.0
51,GDP,Armenia,2010,3.25,Food,100.0
51,Government Expenditure,Armenia,2016,10.2,General,123.01
51,Government Expenditure,Armenia,2016,10.2,Food,122.9
51,GDP,Armenia,2016,2.76,General,123.01
51,GDP,Armenia,2016,2.76,Food,122.9
533,GDP,Aruba,2005,4.68,General,84.14
533,GDP,Aruba,2005,4.68,Food,73.61
533,GDP,Aruba,2010,6.71,General,100.0
533,GDP,Aruba,2010,6.71,Food,100.0
533,GDP,Aruba,2016,6.14,Food,111.76
533,GDP,Aruba,2016,6.14,General,102.49
36,Government Expenditure,Australia,2005,13.59,General,86.34
36,GDP,Australia,2005,4.92,General,86.34
36,Government Expenditure,Australia,2010,14.33,General,100.0
36,Government Expenditure,Australia,2010,14.33,Food,100.0
36,GDP,Australia,2010,5.56,General,100.0
36,GDP,Australia,2010,5.56,Food,100.0
36,Government Expenditure,Australia,2015,14.08,General,112.04
36,Government Expenditure,Australia,2015,14.08,Food,107.57
36,GDP,Australia,2015,5.32,General,112.04
36,GDP,Australia,2015,5.32,Food,107.57
40,Government Expenditure,Austria,2005,10.26,General,91.35
40,Government Expenditure,Austria,2005,10.26,Food,88.06
40,GDP,Austria,2005,5.25,General,91.35
40,GDP,Austria,2005,5.25,Food,88.06
40,Government Expenditure,Austria,2010,10.79,General,100.0
40,Government Expenditure,Austria,2010,10.79,Food,100.0
40,GDP,Austria,2010,5.7,General,100.0
40,GDP,Austria,2010,5.7,Food,100.0
40,Government Expenditure,Austria,2015,10.69,Food,114.42
40,Government Expenditure,Austria,2015,10.69,General,110.68
40,GDP,Austria,2015,5.45,Food,114.42
40,GDP,Austria,2015,5.45,General,110.68
31,Government Expenditure,Azerbaijan,2005,13.22,General,61.15
31,GDP,Azerbaijan,2005,2.97,General,61.15
31,Government Expenditure,Azerbaijan,2010,8.7,General,100.0
31,Government Expenditure,Azerbaijan,2010,8.7,Food,100.0
31,GDP,Azerbaijan,2010,2.78,General,100.0
31,GDP,Azerbaijan,2010,2.78,Food,100.0
31,Government Expenditure,Azerbaijan,2016,8.2,Food,136.23
31,Government Expenditure,Azerbaijan,2016,8.2,General,132.39
31,GDP,Azerbaijan,2016,2.9,Food,136.23
31,GDP,Azerbaijan,2016,2.9,General,132.39
48,Government Expenditure,Bahrain,2015,7.3,Food,114.46
48,Government Expenditure,Bahrain,2015,7.3,General,110.56
48,GDP,Bahrain,2015,2.67,Food,114.46
48,GDP,Bahrain,2015,2.67,General,110.56
48,Government Expenditure,Bahrain,2017,7.18,Food,117.09
48,Government Expenditure,Bahrain,2017,7.18,General,115.23
48,GDP,Bahrain,2017,2.34,Food,117.09
48,GDP,Bahrain,2017,2.34,General,115.23
50,Government Expenditure,Bangladesh,2016,11.42,Food,239.12
50,Government Expenditure,Bangladesh,2016,11.42,General,152.44
50,GDP,Bangladesh,2016,1.54,Food,239.12
50,GDP,Bangladesh,2016,1.54,General,152.44
52,Government Expenditure,Barbados,2016,14.06,Food,217.46
52,Government Expenditure,Barbados,2016,14.06,General,169.7
52,GDP,Barbados,2016,5.09,Food,217.46
52,GDP,Barbados,2016,5.09,General,169.7
52,Government Expenditure,Barbados,2017,12.88,Food,230.92
52,Government Expenditure,Barbados,2017,12.88,General,177.61
52,GDP,Barbados,2017,4.66,Food,230.92
52,GDP,Barbados,2017,4.66,General,177.61
112,Government Expenditure,Belarus,2005,12.62,General,61.67
112,GDP,Belarus,2005,5.87,General,61.67
112,Government Expenditure,Belarus,2010,11.78,General,100.0
112,Government Expenditure,Belarus,2010,11.78,Food,100.0
112,GDP,Belarus,2010,5.22,General,100.0
112,GDP,Belarus,2010,5.22,Food,100.0
112,Government Expenditure,Belarus,2017,12.28,General,459.03
112,GDP,Belarus,2017,4.82,General,459.03
56,Government Expenditure,Belgium,2005,11.17,General,90.41
56,Government Expenditure,Belgium,2005,11.17,Food,86.29
56,Government Expenditure,Belgium,2010,12.01,General,100.0
56,Government Expenditure,Belgium,2010,12.01,Food,100.0
56,Government Expenditure,Belgium,2015,12.17,Food,110.43
56,Government Expenditure,Belgium,2015,12.17,General,108.63
56,GDP,Belgium,2015,6.55,Food,110.43
56,GDP,Belgium,2015,6.55,General,108.63
84,Government Expenditure,Belize,2010,23.05,General,100.0
84,Government Expenditure,Belize,2010,23.05,Food,100.0
84,GDP,Belize,2010,6.62,General,100.0
84,GDP,Belize,2010,6.62,Food,100.0
84,Government Expenditure,Belize,2017,21.68,General,105.68
84,Government Expenditure,Belize,2017,21.68,Food,103.65
84,GDP,Belize,2017,7.09,General,105.68
84,GDP,Belize,2017,7.09,Food,103.65
204,Government Expenditure,Benin,2005,18.79,General,84.31
204,GDP,Benin,2005,3.63,General,84.31
204,Government Expenditure,Benin,2010,26.14,General,100.0
204,Government Expenditure,Benin,2010,26.14,Food,100.0
204,GDP,Benin,2010,5.03,General,100.0
204,GDP,Benin,2010,5.03,Food,100.0
204,Government Expenditure,Benin,2015,17.48,Food,113.03
204,Government Expenditure,Benin,2015,17.48,General,109.81
204,GDP,Benin,2015,4.36,Food,113.03
204,GDP,Benin,2015,4.36,General,109.81
204,Government Expenditure,Benin,2016,18.79,Food,112.51
204,Government Expenditure,Benin,2016,18.79,General,108.88
204,GDP,Benin,2016,3.99,Food,112.51
204,GDP,Benin,2016,3.99,General,108.88
64,Government Expenditure,Bhutan,2005,22.85,General,74.85
64,GDP,Bhutan,2005,7.08,General,74.85
64,Government Expenditure,Bhutan,2010,11.03,General,100.0
64,GDP,Bhutan,2010,4.02,General,100.0
64,Government Expenditure,Bhutan,2015,26.35,General,146.24
64,Government Expenditure,Bhutan,2015,26.35,Food,121.51
64,GDP,Bhutan,2015,7.39,General,146.24
64,GDP,Bhutan,2015,7.39,Food,121.51
64,Government Expenditure,Bhutan,2017,24.04,General,158.43
64,Government Expenditure,Bhutan,2017,24.04,Food,135.82
64,GDP,Bhutan,2017,7.05,General,158.43
64,GDP,Bhutan,2017,7.05,Food,135.82
68,Government Expenditure,Bolivia (Plurin. State of),2010,24.13,General,100.0
68,Government Expenditure,Bolivia (Plurin. State of),2010,24.13,Food,100.0
68,GDP,Bolivia (Plurin. State of),2010,7.6,General,100.0
68,GDP,Bolivia (Plurin. State of),2010,7.6,Food,100.0
72,Government Expenditure,Botswana,2005,25.82,General,64.29
72,Government Expenditure,Botswana,2005,25.82,Food,56.06
72,GDP,Botswana,2005,10.68,General,64.29
72,GDP,Botswana,2005,10.68,Food,56.06
76,Government Expenditure,Brazil,2005,11.26,General,79.54
76,GDP,Brazil,2005,4.48,General,79.54
76,Government Expenditure,Brazil,2010,14.56,General,100.0
76,Government Expenditure,Brazil,2010,14.56,Food,100.0
76,GDP,Brazil,2010,5.65,General,100.0
76,GDP,Brazil,2010,5.65,Food,100.0
76,Government Expenditure,Brazil,2015,16.25,Food,154.44
76,Government Expenditure,Brazil,2015,16.25,General,138.39
76,GDP,Brazil,2015,6.24,Food,154.44
76,GDP,Brazil,2015,6.24,General,138.39
96,Government Expenditure,Brunei Darussalam,2010,5.3,General,100.0
96,Government Expenditure,Brunei Darussalam,2010,5.3,Food,100.0
96,GDP,Brunei Darussalam,2010,2.05,General,100.0
96,GDP,Brunei Darussalam,2010,2.05,Food,100.0
96,Government Expenditure,Brunei Darussalam,2016,11.44,Food,99.76
96,Government Expenditure,Brunei Darussalam,2016,11.44,General,99.28
96,GDP,Brunei Darussalam,2016,4.43,Food,99.76
96,GDP,Brunei Darussalam,2016,4.43,General,99.28
100,Government Expenditure,Bulgaria,2005,12.07,General,72.73
100,Government Expenditure,Bulgaria,2005,12.07,Food,72.37
100,GDP,Bulgaria,2005,4.14,General,72.73
100,GDP,Bulgaria,2005,4.14,Food,72.37
100,Government Expenditure,Bulgaria,2010,11.16,General,100.0
100,Government Expenditure,Bulgaria,2010,11.16,Food,100.0
100,GDP,Bulgaria,2010,3.86,General,100.0
100,GDP,Bulgaria,2010,3.86,Food,100.0
854,Government Expenditure,Burkina Faso,2005,19.49,General,86.93
854,GDP,Burkina Faso,2005,4.43,General,86.93
854,Government Expenditure,Burkina Faso,2010,16.17,General,100.0
854,GDP,Burkina Faso,2010,3.94,General,100.0
854,Government Expenditure,Burkina Faso,2015,18.03,General,108.0
854,GDP,Burkina Faso,2015,4.17,General,108.0
108,Government Expenditure,Burundi,2005,10.96,General,61.29
108,Government Expenditure,Burundi,2005,10.96,Food,57.69
108,GDP,Burundi,2005,3.63,General,61.29
108,GDP,Burundi,2005,3.63,Food,57.69
108,Government Expenditure,Burundi,2010,16.59,General,100.0
108,Government Expenditure,Burundi,2010,16.59,Food,100.0
108,GDP,Burundi,2010,6.79,General,100.0
108,GDP,Burundi,2010,6.79,Food,100.0
108,Government Expenditure,Burundi,2017,20.4,Food,195.39
108,Government Expenditure,Burundi,2017,20.4,General,188.68
108,GDP,Burundi,2017,4.34,Food,195.39
108,GDP,Burundi,2017,4.34,General,188.68
132,Government Expenditure,Cabo Verde,2010,14.22,General,100.0
132,Government Expenditure,Cabo Verde,2010,14.22,Food,100.0
132,GDP,Cabo Verde,2010,5.57,General,100.0
132,GDP,Cabo Verde,2010,5.57,Food,100.0
132,Government Expenditure,Cabo Verde,2016,17.84,Food,108.31
132,Government Expenditure,Cabo Verde,2016,17.84,General,107.1
132,GDP,Cabo Verde,2016,5.37,Food,108.31
132,GDP,Cabo Verde,2016,5.37,General,107.1
132,Government Expenditure,Cabo Verde,2017,16.38,Food,108.1
132,Government Expenditure,Cabo Verde,2017,16.38,General,107.93
132,GDP,Cabo Verde,2017,5.22,Food,108.1
132,GDP,Cabo Verde,2017,5.22,General,107.93
116,Government Expenditure,Cambodia,2010,7.34,General,100.0
116,GDP,Cambodia,2010,1.53,General,100.0
120,Government Expenditure,Cameroon,2005,21.38,General,85.75
120,GDP,Cameroon,2005,2.89,General,85.75
120,Government Expenditure,Cameroon,2010,18.75,General,100.0
120,GDP,Cameroon,2010,2.99,General,100.0
120,Government Expenditure,Cameroon,2017,15.47,General,114.58
120,Government Expenditure,Cameroon,2017,15.47,Food,110.96
120,GDP,Cameroon,2017,3.08,General,114.58
120,GDP,Cameroon,2017,3.08,Food,110.96
124,Government Expenditure,Canada,2005,12.18,General,91.85
124,Government Expenditure,Canada,2005,12.18,Food,86.45
124,GDP,Canada,2005,4.78,General,91.85
124,GDP,Canada,2005,4.78,Food,86.45
124,Government Expenditure,Canada,2010,12.34,General,100.0
124,Government Expenditure,Canada,2010,12.34,Food,100.0
124,GDP,Canada,2010,5.37,General,100.0
124,GDP,Canada,2010,5.37,Food,100.0
140,Government Expenditure,Central African Republic,2005,9.68,General,80.89
140,GDP,Central African Republic,2005,1.65,General,80.89
140,Government Expenditure,Central African Republic,2010,6.48,General,100.0
140,GDP,Central African Republic,2010,1.2,General,100.0
148,Government Expenditure,Chad,2005,14.67,General,85.63
148,GDP,Chad,2005,1.69,General,85.63
148,Government Expenditure,Chad,2010,8.12,General,100.0
148,GDP,Chad,2010,1.98,General,100.0
152,Government Expenditure,Chile,2010,17.84,Food,102.2
152,Government Expenditure,Chile,2010,17.84,General,101.41
152,GDP,Chile,2010,4.16,Food,102.2
152,GDP,Chile,2010,4.16,General,101.41
152,Government Expenditure,Chile,2016,21.16,Food,118.97
152,Government Expenditure,Chile,2016,21.16,General,113.06
152,GDP,Chile,2016,5.35,Food,118.97
152,GDP,Chile,2016,5.35,General,113.06
344,Government Expenditure,"China, Hong Kong SAR",2005,22.48,General,89.52
344,GDP,"China, Hong Kong SAR",2005,4.13,General,89.52
344,Government Expenditure,"China, Hong Kong SAR",2010,19.91,General,100.0
344,Government Expenditure,"China, Hong Kong SAR",2010,19.91,Food,100.0
344,GDP,"China, Hong Kong SAR",2010,3.51,General,100.0
344,GDP,"China, Hong Kong SAR",2010,3.51,Food,100.0
344,Government Expenditure,"China, Hong Kong SAR",2017,17.84,Food,135.1
344,Government Expenditure,"China, Hong Kong SAR",2017,17.84,General,127.78
344,GDP,"China, Hong Kong SAR",2017,3.31,Food,135.1
344,GDP,"China, Hong Kong SAR",2017,3.31,General,127.78
446,GDP,"China, Macao SAR",2005,2.29,General,79.74
446,GDP,"China, Macao SAR",2010,2.63,General,100.0
446,GDP,"China, Macao SAR",2010,2.63,Food,100.0
446,GDP,"China, Macao SAR",2016,3.08,Food,143.25
446,GDP,"China, Macao SAR",2016,3.08,General,134.45
170,Government Expenditure,Colombia,2005,15.54,General,79.67
170,GDP,Colombia,2005,4.0,General,79.67
170,Government Expenditure,Colombia,2010,16.42,General,100.0
170,Government Expenditure,Colombia,2010,16.42,Food,100.0
170,GDP,Colombia,2010,4.83,General,100.0
170,GDP,Colombia,2010,4.83,Food,100.0
170,Government Expenditure,Colombia,2017,15.17,Food,138.34
170,Government Expenditure,Colombia,2017,15.17,General,131.96
170,GDP,Colombia,2017,4.4,Food,138.34
170,GDP,Colombia,2017,4.4,General,131.96
178,Government Expenditure,Congo,2005,7.6,General,78.94
178,GDP,Congo,2005,1.84,General,78.94
178,Government Expenditure,Congo,2010,24.73,General,100.0
178,GDP,Congo,2010,6.22,General,100.0
178,Government Expenditure,Congo,2015,7.95,General,118.53
178,GDP,Congo,2015,4.56,General,118.53
184,GDP,Cook Islands,2016,4.65,Food,113.16
184,GDP,Cook Islands,2016,4.65,General,111.26
188,GDP,Costa Rica,2010,6.63,General,100.0
188,GDP,Costa Rica,2010,6.63,Food,100.0
188,GDP,Costa Rica,2017,7.43,General,123.46
188,GDP,Costa Rica,2017,7.43,Food,123.18
191,Government Expenditure,Croatia,2010,8.96,Food,116.58
191,Government Expenditure,Croatia,2010,8.96,General,100.0
191,GDP,Croatia,2010,4.24,Food,116.58
191,GDP,Croatia,2010,4.24,General,100.0
196,Government Expenditure,Cyprus,2005,15.84,General,88.61
196,GDP,Cyprus,2005,6.2,General,88.61
196,Government Expenditure,Cyprus,2010,15.65,General,100.0
196,Government Expenditure,Cyprus,2010,15.65,Food,100.0
196,GDP,Cyprus,2010,6.58,General,100.0
196,GDP,Cyprus,2010,6.58,Food,100.0
196,Government Expenditure,Cyprus,2015,16.28,Food,103.56
196,Government Expenditure,Cyprus,2015,16.28,General,101.73
196,GDP,Cyprus,2015,6.38,Food,103.56
196,GDP,Cyprus,2015,6.38,General,101.73
203,Government Expenditure,Czechia,2005,9.2,Food,89.86
203,Government Expenditure,Czechia,2005,9.2,General,86.96
203,GDP,Czechia,2005,3.89,Food,89.86
203,GDP,Czechia,2005,3.89,General,86.96
203,Government Expenditure,Czechia,2010,9.34,General,100.0
203,Government Expenditure,Czechia,2010,9.34,Food,100.0
203,GDP,Czechia,2010,4.06,General,100.0
203,GDP,Czechia,2010,4.06,Food,100.0
203,Government Expenditure,Czechia,2015,13.88,Food,118.41
203,Government Expenditure,Czechia,2015,13.88,General,107.54
203,GDP,Czechia,2015,5.79,Food,118.41
203,GDP,Czechia,2015,5.79,General,107.54
180,Government Expenditure,Dem. Rep. of the Congo,2010,9.66,General,100.0
180,GDP,Dem. Rep. of the Congo,2010,1.52,General,100.0
180,Government Expenditure,Dem. Rep. of the Congo,2015,11.74,General,130.1
180,Government Expenditure,Dem. Rep. of the Congo,2015,11.74,Food,122.01
180,GDP,Dem. Rep. of the Congo,2015,2.17,General,130.1
180,GDP,Dem. Rep. of the Congo,2015,2.17,Food,122.01
208,Government Expenditure,Denmark,2005,15.78,General,90.01
208,Government Expenditure,Denmark,2005,15.78,Food,86.39
208,GDP,Denmark,2005,8.09,General,90.01
208,GDP,Denmark,2005,8.09,Food,86.39
208,Government Expenditure,Denmark,2010,15.1,General,100.0
208,Government Expenditure,Denmark,2010,15.1,Food,100.0
208,GDP,Denmark,2010,8.56,General,100.0
208,GDP,Denmark,2010,8.56,Food,100.0
262,Government Expenditure,Djibouti,2005,22.72,General,77.8
262,GDP,Djibouti,2005,8.37,General,77.8
262,Government Expenditure,Djibouti,2010,12.33,General,100.0
262,GDP,Djibouti,2010,4.49,General,100.0
212,Government Expenditure,Dominica,2015,10.52,Food,110.91
212,Government Expenditure,Dominica,2015,10.52,General,102.46
212,GDP,Dominica,2015,3.39,Food,110.91
212,GDP,Dominica,2015,3.39,General,102.46
218,Government Expenditure,Ecuador,2010,13.0,General,100.0
218,Government Expenditure,Ecuador,2010,13.0,Food,100.0
218,GDP,Ecuador,2010,4.51,General,100.0
218,GDP,Ecuador,2010,4.51,Food,100.0
218,Government Expenditure,Ecuador,2015,12.6,Food,125.2
218,Government Expenditure,Ecuador,2015,12.6,General,121.48
218,GDP,Ecuador,2015,5.0,Food,125.2
218,GDP,Ecuador,2015,5.0,General,121.48
818,Government Expenditure,Egypt,2005,15.04,General,57.76
818,GDP,Egypt,2005,4.79,General,57.76
222,Government Expenditure,El Salvador,2005,14.66,General,84.24
222,GDP,El Salvador,2005,3.18,General,84.24
222,Government Expenditure,El Salvador,2010,16.16,General,100.0
222,GDP,El Salvador,2010,4.05,General,100.0
222,Government Expenditure,El Salvador,2016,16.11,Food,119.26
222,Government Expenditure,El Salvador,2016,16.11,General,108.84
222,GDP,El Salvador,2016,3.87,Food,119.26
222,GDP,El Salvador,2016,3.87,General,108.84
222,Government Expenditure,El Salvador,2017,15.63,Food,119.45
222,Government Expenditure,El Salvador,2017,15.63,General,109.95
222,GDP,El Salvador,2017,3.75,Food,119.45
222,GDP,El Salvador,2017,3.75,General,109.95
233,Government Expenditure,Estonia,2005,14.26,General,79.11
233,Government Expenditure,Estonia,2005,14.26,Food,77.1
233,GDP,Estonia,2005,4.84,General,79.11
233,GDP,Estonia,2005,4.84,Food,77.1
233,Government Expenditure,Estonia,2010,13.64,General,100.0
233,Government Expenditure,Estonia,2010,13.64,Food,100.0
233,GDP,Estonia,2010,5.53,General,100.0
233,GDP,Estonia,2010,5.53,Food,100.0
233,Government Expenditure,Estonia,2015,12.97,Food,117.99
233,Government Expenditure,Estonia,2015,12.97,General,111.47
233,GDP,Estonia,2015,5.22,Food,117.99
233,GDP,Estonia,2015,5.22,General,111.47
748,Government Expenditure,Eswatini,2005,20.89,General,69.46
748,GDP,Eswatini,2005,6.48,General,69.46
748,Government Expenditure,Eswatini,2010,18.28,General,100.0
748,GDP,Eswatini,2010,6.12,General,100.0
231,Government Expenditure,Ethiopia,2010,26.3,General,100.0
231,Government Expenditure,Ethiopia,2010,26.3,Food,100.0
231,GDP,Ethiopia,2010,4.5,General,100.0
231,GDP,Ethiopia,2010,4.5,Food,100.0
231,Government Expenditure,Ethiopia,2015,27.1,Food,222.88
231,Government Expenditure,Ethiopia,2015,27.1,General,211.4
231,GDP,Ethiopia,2015,4.74,Food,222.88
231,GDP,Ethiopia,2015,4.74,General,211.4
242,Government Expenditure,Fiji,2005,20.27,General,80.75
242,GDP,Fiji,2005,5.12,General,80.75
246,Government Expenditure,Finland,2005,12.25,General,91.21
246,Government Expenditure,Finland,2005,12.25,Food,90.32
246,GDP,Finland,2005,6.04,General,91.21
246,GDP,Finland,2005,6.04,Food,90.32
246,Government Expenditure,Finland,2010,11.95,General,100.0
246,Government Expenditure,Finland,2010,11.95,Food,100.0
246,GDP,Finland,2010,6.54,General,100.0
246,GDP,Finland,2010,6.54,Food,100.0
246,Government Expenditure,Finland,2015,12.41,Food,115.71
246,Government Expenditure,Finland,2015,12.41,General,108.79
246,GDP,Finland,2015,7.09,Food,115.71
246,GDP,Finland,2015,7.09,General,108.79
250,Government Expenditure,France,2005,10.36,General,92.76
250,Government Expenditure,France,2005,10.36,Food,91.48
250,GDP,France,2005,5.52,General,92.76
250,GDP,France,2005,5.52,Food,91.48
250,Government Expenditure,France,2010,10.01,General,100.0
250,Government Expenditure,France,2010,10.01,Food,100.0
250,GDP,France,2010,5.69,General,100.0
250,GDP,France,2010,5.69,Food,100.0
250,Government Expenditure,France,2015,9.62,Food,105.67
250,Government Expenditure,France,2015,9.62,General,105.58
250,GDP,France,2015,5.46,Food,105.67
250,GDP,France,2015,5.46,General,105.58
266,Government Expenditure,Gabon,2010,13.33,General,100.0
266,Government Expenditure,Gabon,2010,13.33,Food,100.0
266,GDP,Gabon,2010,3.08,General,100.0
266,GDP,Gabon,2010,3.08,Food,100.0
270,Government Expenditure,Gambia,2005,5.34,General,81.06
270,GDP,Gambia,2005,1.14,General,81.06
270,Government Expenditure,Gambia,2010,17.61,General,100.0
270,GDP,Gambia,2010,4.16,General,100.0
270,Government Expenditure,Gambia,2016,10.36,Food,201.33
270,Government Expenditure,Gambia,2016,10.36,General,140.13
270,GDP,Gambia,2016,3.09,Food,201.33
270,GDP,Gambia,2016,3.09,General,140.13
268,Government Expenditure,Georgia,2005,11.18,General,69.96
268,GDP,Georgia,2005,2.48,General,69.96
268,Government Expenditure,Georgia,2017,12.95,Food,130.84
268,Government Expenditure,Georgia,2017,12.95,General,124.17
268,GDP,Georgia,2017,3.83,Food,130.84
268,GDP,Georgia,2017,3.83,General,124.17
276,Government Expenditure,Germany,2010,10.4,General,100.0
276,Government Expenditure,Germany,2010,10.4,Food,100.0
276,GDP,Germany,2010,4.91,General,100.0
276,GDP,Germany,2010,4.91,Food,100.0
276,Government Expenditure,Germany,2015,10.99,Food,112.3
276,Government Expenditure,Germany,2015,10.99,General,106.88
276,GDP,Germany,2015,4.81,Food,112.3
276,GDP,Germany,2015,4.81,General,106.88
288,Government Expenditure,Ghana,2005,23.43,General,52.93
288,GDP,Ghana,2005,7.42,General,52.93
288,Government Expenditure,Ghana,2010,20.7,General,100.0
288,GDP,Ghana,2010,5.54,General,100.0
288,Government Expenditure,Ghana,2017,20.1,General,232.26
288,Government Expenditure,Ghana,2017,20.1,Food,143.55
288,GDP,Ghana,2017,4.51,General,232.26
288,GDP,Ghana,2017,4.51,Food,143.55
300,Government Expenditure,Greece,2005,8.7,Food,86.9
300,Government Expenditure,Greece,2005,8.7,General,85.32
300,GDP,Greece,2005,3.96,Food,86.9
300,GDP,Greece,2005,3.96,General,85.32
308,Government Expenditure,Grenada,2016,42.79,Food,107.97
308,Government Expenditure,Grenada,2016,42.79,General,105.61
308,GDP,Grenada,2016,10.29,Food,107.97
308,GDP,Grenada,2016,10.29,General,105.61
320,Government Expenditure,Guatemala,2010,19.3,General,100.0
320,GDP,Guatemala,2010,2.8,General,100.0
320,Government Expenditure,Guatemala,2017,23.09,Food,175.99
320,Government Expenditure,Guatemala,2017,23.09,General,132.84
320,GDP,Guatemala,2017,2.8,Food,175.99
320,GDP,Guatemala,2017,2.8,General,132.84
324,Government Expenditure,Guinea,2005,10.95,General,42.24
324,GDP,Guinea,2005,1.85,General,42.24
324,Government Expenditure,Guinea,2010,12.44,General,100.0
324,Government Expenditure,Guinea,2010,12.44,Food,100.0
324,GDP,Guinea,2010,2.55,General,100.0
324,GDP,Guinea,2010,2.55,Food,100.0
324,Government Expenditure,Guinea,2017,13.38,Food,256.37
324,Government Expenditure,Guinea,2017,13.38,General,218.71
324,GDP,Guinea,2017,2.21,Food,256.37
324,GDP,Guinea,2017,2.21,General,218.71
624,Government Expenditure,Guinea-Bissau,2010,9.07,General,100.0
624,GDP,Guinea-Bissau,2010,1.86,General,100.0
328,Government Expenditure,Guyana,2005,13.82,General,72.37
328,GDP,Guyana,2005,8.14,General,72.37
328,Government Expenditure,Guyana,2010,11.84,General,100.0
328,GDP,Guyana,2010,3.64,General,100.0
328,Government Expenditure,Guyana,2017,18.28,General,112.37
328,GDP,Guyana,2017,6.25,General,112.37
332,Government Expenditure,Haiti,2016,13.13,Food,163.14
332,Government Expenditure,Haiti,2016,13.13,General,158.27
332,GDP,Haiti,2016,2.45,Food,163.14
332,GDP,Haiti,2016,2.45,General,158.27
340,Government Expenditure,Honduras,2015,24.64,General,129.3
340,Government Expenditure,Honduras,2015,24.64,Food,126.58
340,GDP,Honduras,2015,6.41,General,129.3
340,GDP,Honduras,2015,6.41,Food,126.58
340,Government Expenditure,Honduras,2017,22.02,General,138.05
340,Government Expenditure,Honduras,2017,22.02,Food,129.82
340,GDP,Honduras,2017,5.96,General,138.05
340,GDP,Honduras,2017,5.96,Food,129.82
348,Government Expenditure,Hungary,2005,10.8,General,76.94
348,GDP,Hungary,2005,5.33,General,76.94
348,Government Expenditure,Hungary,2010,9.69,General,100.0
348,Government Expenditure,Hungary,2010,9.69,Food,100.0
348,GDP,Hungary,2010,4.77,General,100.0
348,GDP,Hungary,2010,4.77,Food,100.0
348,Government Expenditure,Hungary,2015,9.14,Food,116.6
348,Government Expenditure,Hungary,2015,9.14,General,111.37
348,GDP,Hungary,2015,4.58,Food,116.6
348,GDP,Hungary,2015,4.58,General,111.37
352,Government Expenditure,Iceland,2005,17.81,General,67.08
352,Government Expenditure,Iceland,2005,17.81,Food,65.9
352,GDP,Iceland,2005,7.41,General,67.08
352,GDP,Iceland,2005,7.41,Food,65.9
352,Government Expenditure,Iceland,2010,14.6,General,100.0
352,Government Expenditure,Iceland,2010,14.6,Food,100.0
352,GDP,Iceland,2010,7.17,General,100.0
352,GDP,Iceland,2010,7.17,Food,100.0
352,Government Expenditure,Iceland,2015,18.16,Food,119.64
352,Government Expenditure,Iceland,2015,18.16,General,117.84
352,GDP,Iceland,2015,7.71,Food,119.64
352,GDP,Iceland,2015,7.71,General,117.84
356,Government Expenditure,India,2005,11.21,General,65.83
356,GDP,India,2005,3.23,General,65.83
356,Government Expenditure,India,2010,11.83,General,100.0
356,GDP,India,2010,3.42,General,100.0
360,Government Expenditure,Indonesia,2005,15.15,General,68.68
360,GDP,Indonesia,2005,2.87,General,68.68
360,Government Expenditure,Indonesia,2010,16.65,General,100.0
360,GDP,Indonesia,2010,2.81,General,100.0
360,Government Expenditure,Indonesia,2015,20.5,General,132.3
360,Government Expenditure,Indonesia,2015,20.5,Food,128.01
360,GDP,Indonesia,2015,3.58,General,132.3
360,GDP,Indonesia,2015,3.58,Food,128.01
364,Government Expenditure,Iran (Islamic Republic of),2017,20.04,Food,109.74
364,Government Expenditure,Iran (Islamic Republic of),2017,20.04,General,106.19
364,GDP,Iran (Islamic Republic of),2017,3.79,Food,109.74
364,GDP,Iran (Islamic Republic of),2017,3.79,General,106.19
372,Government Expenditure,Ireland,2005,13.56,Food,97.74
372,Government Expenditure,Ireland,2005,13.56,General,93.14
372,GDP,Ireland,2005,4.52,Food,97.74
372,GDP,Ireland,2005,4.52,General,93.14
372,Government Expenditure,Ireland,2010,9.28,General,100.0
372,Government Expenditure,Ireland,2010,9.28,Food,100.0
372,GDP,Ireland,2010,6.04,General,100.0
372,GDP,Ireland,2010,6.04,Food,100.0
372,Government Expenditure,Ireland,2015,13.03,General,104.74
372,Government Expenditure,Ireland,2015,13.03,Food,98.34
372,GDP,Ireland,2015,3.77,General,104.74
372,GDP,Ireland,2015,3.77,Food,98.34
376,Government Expenditure,Israel,2005,12.74,General,87.81
376,Government Expenditure,Israel,2005,12.74,Food,79.27
376,GDP,Israel,2005,5.76,General,87.81
376,GDP,Israel,2005,5.76,Food,79.27
376,Government Expenditure,Israel,2010,13.61,General,100.01
376,Government Expenditure,Israel,2010,13.61,Food,99.99
376,GDP,Israel,2010,5.54,General,100.01
376,GDP,Israel,2010,5.54,Food,99.99
376,Government Expenditure,Israel,2015,15.04,Food,108.82
376,Government Expenditure,Israel,2015,15.04,General,106.66
376,GDP,Israel,2015,5.88,Food,108.82
376,GDP,Israel,2015,5.88,General,106.66
380,Government Expenditure,Italy,2005,9.01,General,90.97
380,Government Expenditure,Italy,2005,9.01,Food,88.88
380,GDP,Italy,2005,4.25,General,90.97
380,GDP,Italy,2005,4.25,Food,88.88
380,Government Expenditure,Italy,2010,8.72,General,100.0
380,Government Expenditure,Italy,2010,8.72,Food,100.0
380,GDP,Italy,2010,4.35,General,100.0
380,GDP,Italy,2010,4.35,Food,100.0
380,Government Expenditure,Italy,2015,8.11,Food,108.82
380,Government Expenditure,Italy,2015,8.11,General,107.47
380,GDP,Italy,2015,4.08,Food,108.82
380,GDP,Italy,2015,4.08,General,107.47
388,Government Expenditure,Jamaica,2005,14.27,General,55.96
388,Government Expenditure,Jamaica,2005,14.27,Food,51.69
388,GDP,Jamaica,2005,4.62,General,55.96
388,GDP,Jamaica,2005,4.62,Food,51.69
388,Government Expenditure,Jamaica,2010,16.1,General,100.0
388,Government Expenditure,Jamaica,2010,16.1,Food,100.0
388,GDP,Jamaica,2010,6.37,General,100.0
388,GDP,Jamaica,2010,6.37,Food,100.0
388,Government Expenditure,Jamaica,2017,18.4,Food,170.7
388,Government Expenditure,Jamaica,2017,18.4,General,150.76
388,GDP,Jamaica,2017,5.27,Food,170.7
388,GDP,Jamaica,2017,5.27,General,150.76
392,Government Expenditure,Japan,2016,9.13,Food,108.35
392,Government Expenditure,Japan,2016,9.13,General,103.48
392,GDP,Japan,2016,3.47,Food,108.35
392,GDP,Japan,2016,3.47,General,103.48
400,Government Expenditure,Jordan,2017,12.53,General,119.33
400,Government Expenditure,Jordan,2017,12.53,Food,110.78
400,GDP,Jordan,2017,3.6,General,119.33
400,GDP,Jordan,2017,3.6,Food,110.78
398,Government Expenditure,Kazakhstan,2005,10.23,General,61.46
398,Government Expenditure,Kazakhstan,2005,10.23,Food,58.64
398,GDP,Kazakhstan,2005,2.26,General,61.46
398,GDP,Kazakhstan,2005,2.26,Food,58.64
398,Government Expenditure,Kazakhstan,2017,11.42,General,169.28
398,Government Expenditure,Kazakhstan,2017,11.42,Food,167.66
398,GDP,Kazakhstan,2017,2.88,General,169.28
398,GDP,Kazakhstan,2017,2.88,Food,167.66
404,Government Expenditure,Kenya,2005,27.47,General,55.53
404,GDP,Kenya,2005,7.34,General,55.53
404,Government Expenditure,Kenya,2010,20.56,General,100.0
404,Government Expenditure,Kenya,2010,20.56,Food,100.0
404,GDP,Kenya,2010,5.51,General,100.0
404,GDP,Kenya,2010,5.51,Food,100.0
404,Government Expenditure,Kenya,2015,16.66,Food,172.13
404,Government Expenditure,Kenya,2015,16.66,General,150.19
404,GDP,Kenya,2015,5.27,Food,172.13
404,GDP,Kenya,2015,5.27,General,150.19
404,Government Expenditure,Kenya,2017,17.58,Food,214.82
404,Government Expenditure,Kenya,2017,17.58,General,172.43
404,GDP,Kenya,2017,5.24,Food,214.82
404,GDP,Kenya,2017,5.24,General,172.43
414,Government Expenditure,Kuwait,2005,13.85,General,76.1
414,GDP,Kuwait,2005,4.74,General,76.1
417,Government Expenditure,Kyrgyzstan,2005,16.77,General,59.84
417,Government Expenditure,Kyrgyzstan,2005,16.77,Food,55.88
417,GDP,Kyrgyzstan,2005,4.87,General,59.84
417,GDP,Kyrgyzstan,2005,4.87,Food,55.88
417,Government Expenditure,Kyrgyzstan,2010,15.68,General,100.0
417,Government Expenditure,Kyrgyzstan,2010,15.68,Food,100.0
417,GDP,Kyrgyzstan,2010,5.82,General,100.0
417,GDP,Kyrgyzstan,2010,5.82,Food,100.0
417,Government Expenditure,Kyrgyzstan,2016,16.78,General,146.93
417,Government Expenditure,Kyrgyzstan,2016,16.78,Food,132.53
417,GDP,Kyrgyzstan,2016,6.59,General,146.93
417,GDP,Kyrgyzstan,2016,6.59,Food,132.53
417,Government Expenditure,Kyrgyzstan,2017,18.64,General,151.59
417,Government Expenditure,Kyrgyzstan,2017,18.64,Food,135.78
417,GDP,Kyrgyzstan,2017,7.21,General,151.59
417,GDP,Kyrgyzstan,2017,7.21,Food,135.78
418,Government Expenditure,Lao People's Dem. Rep.,2005,13.73,General,78.5
418,GDP,Lao People's Dem. Rep.,2005,2.41,General,78.5
418,Government Expenditure,Lao People's Dem. Rep.,2010,7.28,General,100.0
418,Government Expenditure,Lao People's Dem. Rep.,2010,7.28,Food,100.0
418,GDP,Lao People's Dem. Rep.,2010,1.71,General,100.0
418,GDP,Lao People's Dem. Rep.,2010,1.71,Food,100.0
428,Government Expenditure,Latvia,2010,11.81,General,100.0
428,Government Expenditure,Latvia,2010,11.81,Food,100.0
428,GDP,Latvia,2010,5.08,General,100.0
428,GDP,Latvia,2010,5.08,Food,100.0
428,Government Expenditure,Latvia,2015,14.13,Food,110.69
428,Government Expenditure,Latvia,2015,14.13,General,107.58
428,GDP,Latvia,2015,5.34,Food,110.69
428,GDP,Latvia,2015,5.34,General,107.58
422,Government Expenditure,Lebanon,2010,5.53,General,100.0
422,Government Expenditure,Lebanon,2010,5.53,Food,100.0
422,GDP,Lebanon,2010,1.61,General,100.0
422,GDP,Lebanon,2010,1.61,Food,100.0
426,Government Expenditure,Lesotho,2005,32.4,General,70.87
426,Government Expenditure,Lesotho,2005,32.4,Food,61.88
426,GDP,Lesotho,2005,12.08,General,70.87
426,GDP,Lesotho,2005,12.08,Food,61.88
426,Government Expenditure,Lesotho,2018,13.8,General,148.39
426,GDP,Lesotho,2018,6.36,General,148.39
430,Government Expenditure,Liberia,2017,7.06,Food,186.49
430,Government Expenditure,Liberia,2017,7.06,General,180.58
430,GDP,Liberia,2017,3.83,Food,186.49
430,GDP,Liberia,2017,3.83,General,180.58
440,Government Expenditure,Lithuania,2005,14.58,General,77.66
440,Government Expenditure,Lithuania,2005,14.58,Food,72.23
440,GDP,Lithuania,2005,4.87,General,77.66
440,GDP,Lithuania,2005,4.87,Food,72.23
440,Government Expenditure,Lithuania,2010,12.86,General,100.0
440,Government Expenditure,Lithuania,2010,12.86,Food,100.0
440,GDP,Lithuania,2010,5.3,General,100.0
440,GDP,Lithuania,2010,5.3,Food,100.0
440,Government Expenditure,Lithuania,2015,12.29,Food,113.3
440,Government Expenditure,Lithuania,2015,12.29,General,107.62
440,GDP,Lithuania,2015,4.22,Food,113.3
440,GDP,Lithuania,2015,4.22,General,107.62
442,Government Expenditure,Luxembourg,2015,9.43,Food,110.48
442,Government Expenditure,Luxembourg,2015,9.43,General,109.2
442,GDP,Luxembourg,2015,3.92,Food,110.48
442,GDP,Luxembourg,2015,3.92,General,109.2
450,Government Expenditure,Madagascar,2005,18.03,General,62.92
450,GDP,Madagascar,2005,3.85,General,62.92
454,Government Expenditure,Malawi,2010,12.52,General,100.0
454,GDP,Malawi,2010,3.54,General,100.0
454,Government Expenditure,Malawi,2016,17.1,General,305.03
454,Government Expenditure,Malawi,2016,17.1,Food,230.92
454,GDP,Malawi,2016,4.75,General,305.03
454,GDP,Malawi,2016,4.75,Food,230.92
454,Government Expenditure,Malawi,2017,14.34,General,340.24
454,Government Expenditure,Malawi,2017,14.34,Food,262.42
454,GDP,Malawi,2017,4.03,General,340.24
454,GDP,Malawi,2017,4.03,Food,262.42
458,Government Expenditure,Malaysia,2010,18.41,General,100.0
458,Government Expenditure,Malaysia,2010,18.41,Food,100.0
458,GDP,Malaysia,2010,4.97,General,100.0
458,GDP,Malaysia,2010,4.97,Food,100.0
458,Government Expenditure,Malaysia,2017,21.06,Food,129.15
458,Government Expenditure,Malaysia,2017,21.06,General,119.62
458,GDP,Malaysia,2017,4.74,Food,129.15
458,GDP,Malaysia,2017,4.74,General,119.62
462,Government Expenditure,Maldives,2005,13.02,General,73.31
462,GDP,Maldives,2005,5.02,General,73.31
462,Government Expenditure,Maldives,2010,12.46,General,100.0
462,Government Expenditure,Maldives,2010,12.46,Food,100.0
462,GDP,Maldives,2010,4.12,General,100.0
462,GDP,Maldives,2010,4.12,Food,100.0
462,Government Expenditure,Maldives,2016,11.29,Food,153.9
462,Government Expenditure,Maldives,2016,11.29,General,132.71
462,GDP,Maldives,2016,4.25,Food,153.9
462,GDP,Maldives,2016,4.25,General,132.71
466,Government Expenditure,Mali,2005,16.28,General,85.86
466,GDP,Mali,2005,3.52,General,85.86
466,Government Expenditure,Mali,2010,16.5,General,100.0
466,Government Expenditure,Mali,2010,16.5,Food,100.0
466,GDP,Mali,2010,3.34,General,100.0
466,GDP,Mali,2010,3.34,Food,100.0
466,Government Expenditure,Mali,2016,13.9,Food,109.24
466,Government Expenditure,Mali,2016,13.9,General,108.32
466,GDP,Mali,2016,3.09,Food,109.24
466,GDP,Mali,2016,3.09,General,108.32
470,Government Expenditure,Malta,2010,15.72,General,100.0
470,GDP,Malta,2010,6.45,General,100.0
470,Government Expenditure,Malta,2015,13.15,General,108.16
470,GDP,Malta,2015,5.27,General,108.16
478,Government Expenditure,Mauritania,2010,16.04,General,100.0
478,Government Expenditure,Mauritania,2010,16.04,Food,100.0
478,GDP,Mauritania,2010,3.6,General,100.0
478,GDP,Mauritania,2010,3.6,Food,100.0
478,Government Expenditure,Mauritania,2016,9.33,Food,104.0
478,Government Expenditure,Mauritania,2016,9.33,General,102.6
478,GDP,Mauritania,2016,2.63,Food,104.0
478,GDP,Mauritania,2016,2.63,General,102.6
480,Government Expenditure,Mauritius,2005,17.09,General,72.86
480,GDP,Mauritius,2005,4.2,General,72.86
480,Government Expenditure,Mauritius,2010,14.57,General,100.0
480,Government Expenditure,Mauritius,2010,14.57,Food,100.0
480,GDP,Mauritius,2010,3.55,General,100.0
480,GDP,Mauritius,2010,3.55,Food,100.0
480,Government Expenditure,Mauritius,2017,19.93,Food,126.63
480,Government Expenditure,Mauritius,2017,19.93,General,125.4
480,GDP,Mauritius,2017,5.02,Food,126.63
480,GDP,Mauritius,2017,5.02,General,125.4
484,Government Expenditure,Mexico,2005,21.9,General,80.5
484,Government Expenditure,Mexico,2005,21.9,Food,74.37
484,GDP,Mexico,2005,4.85,General,80.5
484,GDP,Mexico,2005,4.85,Food,74.37
484,Government Expenditure,Mexico,2010,18.64,General,100.0
484,Government Expenditure,Mexico,2010,18.64,Food,100.0
484,GDP,Mexico,2010,5.16,General,100.0
484,GDP,Mexico,2010,5.16,Food,100.0
484,Government Expenditure,Mexico,2015,19.02,Food,129.85
484,Government Expenditure,Mexico,2015,19.02,General,119.41
484,GDP,Mexico,2015,5.24,Food,129.85
484,GDP,Mexico,2015,5.24,General,119.41
583,Government Expenditure,Micronesia (Fed. States of),2015,22.31,General,112.55
583,GDP,Micronesia (Fed. States of),2015,12.46,General,112.55
496,Government Expenditure,Mongolia,2010,14.71,General,100.0
496,Government Expenditure,Mongolia,2010,14.71,Food,100.0
496,GDP,Mongolia,2010,4.65,General,100.0
496,GDP,Mongolia,2010,4.65,Food,100.0
496,Government Expenditure,Mongolia,2017,13.49,General,171.97
496,Government Expenditure,Mongolia,2017,13.49,Food,164.27
496,GDP,Mongolia,2017,4.07,General,171.97
496,GDP,Mongolia,2017,4.07,Food,164.27
104,Government Expenditure,Myanmar,2017,10.15,Food,145.89
104,Government Expenditure,Myanmar,2017,10.15,General,144.61
104,GDP,Myanmar,2017,2.17,Food,145.89
104,GDP,Myanmar,2017,2.17,General,144.61
104,Government Expenditure,Myanmar,2018,9.41,General,154.54
516,Government Expenditure,Namibia,2010,26.12,General,100.0
516,Government Expenditure,Namibia,2010,26.12,Food,100.0
516,GDP,Namibia,2010,8.35,General,100.0
516,GDP,Namibia,2010,8.35,Food,100.0
524,Government Expenditure,Nepal,2015,16.99,Food,104.4
524,Government Expenditure,Nepal,2015,16.99,General,103.69
524,GDP,Nepal,2015,3.7,Food,104.4
524,GDP,Nepal,2015,3.7,General,103.69
524,Government Expenditure,Nepal,2017,15.75,General,116.9
524,Government Expenditure,Nepal,2017,15.75,Food,114.75
524,GDP,Nepal,2017,5.1,General,116.9
524,GDP,Nepal,2017,5.1,Food,114.75
528,Government Expenditure,Netherlands,2005,12.44,General,92.67
528,Government Expenditure,Netherlands,2005,12.44,Food,91.28
528,GDP,Netherlands,2005,5.16,General,92.67
528,GDP,Netherlands,2005,5.16,Food,91.28
528,Government Expenditure,Netherlands,2010,11.74,Food,100.0
528,Government Expenditure,Netherlands,2010,11.74,General,99.99
528,GDP,Netherlands,2010,5.56,Food,100.0
528,GDP,Netherlands,2010,5.56,General,99.99
528,Government Expenditure,Netherlands,2015,12.25,General,109.25
528,Government Expenditure,Netherlands,2015,12.25,Food,107.43
528,GDP,Netherlands,2015,5.4,General,109.25
528,GDP,Netherlands,2015,5.4,Food,107.43
554,Government Expenditure,New Zealand,2005,16.27,General,87.01
554,GDP,New Zealand,2005,6.28,General,87.01
554,Government Expenditure,New Zealand,2010,15.72,General,100.0
554,Government Expenditure,New Zealand,2010,15.72,Food,100.0
554,GDP,New Zealand,2010,7.0,General,100.0
554,GDP,New Zealand,2010,7.0,Food,100.0
554,Government Expenditure,New Zealand,2016,16.57,General,108.64
554,Government Expenditure,New Zealand,2016,16.57,Food,105.29
554,GDP,New Zealand,2016,6.3,General,108.64
554,GDP,New Zealand,2016,6.3,Food,105.29
558,GDP,Nicaragua,2010,4.48,General,100.0
558,GDP,Nicaragua,2010,4.48,Food,100.0
558,GDP,Nicaragua,2017,4.35,Food,149.54
558,GDP,Nicaragua,2017,4.35,General,147.15
562,Government Expenditure,Niger,2010,18.1,General,100.0
562,GDP,Niger,2010,3.73,General,100.0
562,Government Expenditure,Niger,2017,13.25,Food,121.8
562,Government Expenditure,Niger,2017,13.25,General,110.08
562,GDP,Niger,2017,3.54,Food,121.8
562,GDP,Niger,2017,3.54,General,110.08
578,Government Expenditure,Norway,2005,16.55,General,89.35
578,Government Expenditure,Norway,2005,16.55,Food,88.27
578,GDP,Norway,2005,6.87,General,89.35
578,GDP,Norway,2005,6.87,Food,88.27
578,Government Expenditure,Norway,2010,15.23,General,100.04
578,Government Expenditure,Norway,2010,15.23,Food,99.99
578,GDP,Norway,2010,6.74,General,100.04
578,GDP,Norway,2010,6.74,Food,99.99
578,Government Expenditure,Norway,2015,15.73,General,108.62
578,Government Expenditure,Norway,2015,15.73,Food,108.41
578,GDP,Norway,2015,7.55,General,108.62
578,GDP,Norway,2015,7.55,Food,108.41
512,Government Expenditure,Oman,2005,10.05,General,76.06
512,GDP,Oman,2005,3.52,General,76.06
512,Government Expenditure,Oman,2017,15.34,General,112.39
512,Government Expenditure,Oman,2017,15.34,Food,110.12
512,GDP,Oman,2017,6.67,General,112.39
512,GDP,Oman,2017,6.67,Food,110.12
586,Government Expenditure,Pakistan,2005,13.78,General,55.32
586,GDP,Pakistan,2005,2.25,General,55.32
586,Government Expenditure,Pakistan,2010,11.86,General,100.0
586,Government Expenditure,Pakistan,2010,11.86,Food,100.0
586,GDP,Pakistan,2010,2.29,General,100.0
586,GDP,Pakistan,2010,2.29,Food,100.0
586,Government Expenditure,Pakistan,2016,12.6,General,150.75
586,Government Expenditure,Pakistan,2016,12.6,Food,146.51
586,GDP,Pakistan,2016,2.49,General,150.75
586,GDP,Pakistan,2016,2.49,Food,146.51
586,Government Expenditure,Pakistan,2017,13.85,General,156.91
586,Government Expenditure,Pakistan,2017,13.85,Food,151.33
586,GDP,Pakistan,2017,2.76,General,156.91
586,GDP,Pakistan,2017,2.76,Food,151.33
600,GDP,Paraguay,2010,3.77,General,100.0
600,GDP,Paraguay,2010,3.77,Food,100.0
600,GDP,Paraguay,2016,4.52,Food,133.09
600,GDP,Paraguay,2016,4.52,General,129.93
604,Government Expenditure,Peru,2005,14.28,General,87.13
604,GDP,Peru,2005,2.84,General,87.13
604,Government Expenditure,Peru,2010,13.56,General,100.0
604,GDP,Peru,2010,2.87,General,100.0
604,Government Expenditure,Peru,2017,18.24,Food,163.08
604,Government Expenditure,Peru,2017,18.24,General,125.42
604,GDP,Peru,2017,3.92,Food,163.08
604,GDP,Peru,2017,3.92,General,125.42
608,Government Expenditure,Philippines,2005,12.42,General,100.0
608,Government Expenditure,Philippines,2005,12.42,Food,100.0
608,GDP,Philippines,2005,2.43,General,100.0
608,GDP,Philippines,2005,2.43,Food,100.0
616,Government Expenditure,Poland,2010,11.06,General,100.0
616,Government Expenditure,Poland,2010,11.06,Food,100.0
616,GDP,Poland,2010,5.07,General,100.0
616,GDP,Poland,2010,5.07,Food,100.0
616,Government Expenditure,Poland,2015,11.58,Food,109.06
616,Government Expenditure,Poland,2015,11.58,General,108.12
616,GDP,Poland,2015,4.81,Food,109.06
616,GDP,Poland,2015,4.81,General,108.12
620,Government Expenditure,Portugal,2005,10.86,Food,95.15
620,Government Expenditure,Portugal,2005,10.86,General,91.77
620,GDP,Portugal,2005,5.07,Food,95.15
620,GDP,Portugal,2005,5.07,General,91.77
620,Government Expenditure,Portugal,2010,10.43,General,100.0
620,Government Expenditure,Portugal,2010,10.43,Food,100.0
620,GDP,Portugal,2010,5.4,General,100.0
620,GDP,Portugal,2010,5.4,Food,100.0
620,Government Expenditure,Portugal,2015,10.15,General,107.04
620,Government Expenditure,Portugal,2015,10.15,Food,107.04
620,GDP,Portugal,2015,4.88,General,107.04
620,GDP,Portugal,2015,4.88,Food,107.04
634,Government Expenditure,Qatar,2017,8.88,General,108.48
634,Government Expenditure,Qatar,2017,8.88,Food,101.11
634,GDP,Qatar,2017,2.85,General,108.48
634,GDP,Qatar,2017,2.85,Food,101.11
410,GDP,Republic of Korea,2005,3.9,General,86.15
410,GDP,Republic of Korea,2005,3.9,Food,80.78
410,GDP,Republic of Korea,2015,5.25,Food,115.6
410,GDP,Republic of Korea,2015,5.25,General,109.83
498,Government Expenditure,Republic of Moldova,2010,22.27,General,100.0
498,Government Expenditure,Republic of Moldova,2010,22.27,Food,100.0
498,GDP,Republic of Moldova,2010,9.11,General,100.0
498,GDP,Republic of Moldova,2010,9.11,Food,100.0
498,Government Expenditure,Republic of Moldova,2017,18.33,Food,159.08
498,Government Expenditure,Republic of Moldova,2017,18.33,General,153.93
498,GDP,Republic of Moldova,2017,6.68,Food,159.08
498,GDP,Republic of Moldova,2017,6.68,General,153.93
642,Government Expenditure,Romania,2005,10.84,General,74.09
642,GDP,Romania,2005,3.46,General,74.09
642,Government Expenditure,Romania,2010,9.13,General,100.0
642,GDP,Romania,2010,3.49,General,100.0
642,Government Expenditure,Romania,2015,9.08,Food,131.03
642,Government Expenditure,Romania,2015,9.08,General,114.2
642,GDP,Romania,2015,3.11,Food,131.03
642,GDP,Romania,2015,3.11,General,114.2
643,Government Expenditure,Russian Federation,2005,11.95,General,61.45
643,Government Expenditure,Russian Federation,2005,11.95,Food,58.42
643,GDP,Russian Federation,2005,3.77,General,61.45
643,GDP,Russian Federation,2005,3.77,Food,58.42
643,Government Expenditure,Russian Federation,2015,10.87,Food,161.69
643,Government Expenditure,Russian Federation,2015,10.87,General,151.54
643,GDP,Russian Federation,2015,3.82,Food,161.69
643,GDP,Russian Federation,2015,3.82,General,151.54
646,Government Expenditure,Rwanda,2010,17.55,General,100.0
646,Government Expenditure,Rwanda,2010,17.55,Food,100.0
646,GDP,Rwanda,2010,4.89,General,100.0
646,GDP,Rwanda,2010,4.89,Food,100.0
646,Government Expenditure,Rwanda,2015,12.54,Food,132.24
646,Government Expenditure,Rwanda,2015,12.54,General,122.14
646,GDP,Rwanda,2015,3.75,Food,132.24
646,GDP,Rwanda,2015,3.75,General,122.14
646,Government Expenditure,Rwanda,2016,12.28,Food,146.52
646,Government Expenditure,Rwanda,2016,12.28,General,129.12
646,GDP,Rwanda,2016,3.54,Food,146.52
646,GDP,Rwanda,2016,3.54,General,129.12
646,Government Expenditure,Rwanda,2017,11.08,Food,160.38
646,Government Expenditure,Rwanda,2017,11.08,General,135.36
646,GDP,Rwanda,2017,3.21,Food,160.38
646,GDP,Rwanda,2017,3.21,General,135.36
659,Government Expenditure,Saint Kitts and Nevis,2005,11.06,General,81.66
659,GDP,Saint Kitts and Nevis,2005,3.86,General,81.66
659,Government Expenditure,Saint Kitts and Nevis,2015,8.64,General,105.66
659,Government Expenditure,Saint Kitts and Nevis,2015,8.64,Food,102.18
659,GDP,Saint Kitts and Nevis,2015,2.78,General,105.66
659,GDP,Saint Kitts and Nevis,2015,2.78,Food,102.18
662,Government Expenditure,Saint Lucia,2005,16.31,General,87.34
662,GDP,Saint Lucia,2005,5.06,General,87.34
662,Government Expenditure,Saint Lucia,2010,14.2,General,100.0
662,Government Expenditure,Saint Lucia,2010,14.2,Food,100.0
662,GDP,Saint Lucia,2010,3.86,General,100.0
662,GDP,Saint Lucia,2010,3.86,Food,100.0
662,Government Expenditure,Saint Lucia,2015,16.45,General,111.36
662,Government Expenditure,Saint Lucia,2015,16.45,Food,102.38
662,GDP,Saint Lucia,2015,4.37,General,111.36
662,GDP,Saint Lucia,2015,4.37,Food,102.38
662,Government Expenditure,Saint Lucia,2016,21.98,General,107.93
662,Government Expenditure,Saint Lucia,2016,21.98,Food,99.09
662,GDP,Saint Lucia,2016,5.71,General,107.93
662,GDP,Saint Lucia,2016,5.71,Food,99.09
670,Government Expenditure,Saint Vincent & Grenadines,2005,22.59,General,80.92
670,GDP,Saint Vincent & Grenadines,2005,6.35,General,80.92
670,Government Expenditure,Saint Vincent & Grenadines,2010,15.49,General,100.0
670,Government Expenditure,Saint Vincent & Grenadines,2010,15.49,Food,100.0
670,GDP,Saint Vincent & Grenadines,2010,5.09,General,100.0
670,GDP,Saint Vincent & Grenadines,2010,5.09,Food,100.0
670,Government Expenditure,Saint Vincent & Grenadines,2017,18.98,Food,111.53
670,Government Expenditure,Saint Vincent & Grenadines,2017,18.98,General,107.17
670,GDP,Saint Vincent & Grenadines,2017,5.75,Food,111.53
670,GDP,Saint Vincent & Grenadines,2017,5.75,General,107.17
882,Government Expenditure,Samoa,2016,10.48,General,109.75
882,GDP,Samoa,2016,4.08,General,109.75
678,Government Expenditure,Sao Tome and Principe,2005,12.13,General,39.17
678,GDP,Sao Tome and Principe,2005,5.3,General,39.17
678,Government Expenditure,Sao Tome and Principe,2010,19.32,General,100.0
678,GDP,Sao Tome and Principe,2010,9.65,General,100.0
678,Government Expenditure,Sao Tome and Principe,2017,18.4,General,171.59
678,Government Expenditure,Sao Tome and Principe,2017,18.4,Food,111.88
678,GDP,Sao Tome and Principe,2017,4.86,General,171.59
678,GDP,Sao Tome and Principe,2017,4.86,Food,111.88
682,Government Expenditure,Saudi Arabia,2005,19.29,General,81.44
682,Government Expenditure,Saudi Arabia,2005,19.29,Food,73.02
682,GDP,Saudi Arabia,2005,5.43,General,81.44
682,GDP,Saudi Arabia,2005,5.43,Food,73.02
686,Government Expenditure,Senegal,2010,24.05,General,100.0
686,Government Expenditure,Senegal,2010,24.05,Food,100.0
686,GDP,Senegal,2010,6.5,General,100.0
686,GDP,Senegal,2010,6.5,Food,100.0
686,Government Expenditure,Senegal,2016,21.34,Food,113.64
686,Government Expenditure,Senegal,2016,21.34,General,106.88
686,GDP,Senegal,2016,6.63,Food,113.64
686,GDP,Senegal,2016,6.63,General,106.88
686,Government Expenditure,Senegal,2017,21.56,Food,117.17
686,Government Expenditure,Senegal,2017,21.56,General,108.86
686,GDP,Senegal,2017,6.2,Food,117.17
686,GDP,Senegal,2017,6.2,General,108.86
688,Government Expenditure,Serbia,2010,10.1,General,100.0
688,Government Expenditure,Serbia,2010,10.1,Food,100.0
688,GDP,Serbia,2010,4.59,General,100.0
688,GDP,Serbia,2010,4.59,Food,100.0
688,Government Expenditure,Serbia,2015,8.88,Food,133.2
688,Government Expenditure,Serbia,2015,8.88,General,132.96
688,GDP,Serbia,2015,4.04,Food,133.2
688,GDP,Serbia,2015,4.04,General,132.96
688,Government Expenditure,Serbia,2016,8.69,General,134.45
688,Government Expenditure,Serbia,2016,8.69,Food,132.8
688,GDP,Serbia,2016,3.86,General,134.45
688,GDP,Serbia,2016,3.86,Food,132.8
690,Government Expenditure,Seychelles,2016,11.72,General,119.64
690,Government Expenditure,Seychelles,2016,11.72,Food,116.72
690,GDP,Seychelles,2016,4.42,General,119.64
690,GDP,Seychelles,2016,4.42,Food,116.72
694,Government Expenditure,Sierra Leone,2010,12.8,General,100.0
694,Government Expenditure,Sierra Leone,2010,12.8,Food,100.0
694,GDP,Sierra Leone,2010,2.59,General,100.0
694,GDP,Sierra Leone,2010,2.59,Food,100.0
694,Government Expenditure,Sierra Leone,2017,19.92,Food,185.26
694,Government Expenditure,Sierra Leone,2017,19.92,General,175.78
694,GDP,Sierra Leone,2017,4.64,Food,185.26
694,GDP,Sierra Leone,2017,4.64,General,175.78
702,Government Expenditure,Singapore,2005,19.82,General,87.95
702,Government Expenditure,Singapore,2005,19.82,Food,85.65
702,GDP,Singapore,2005,3.22,General,87.95
702,GDP,Singapore,2005,3.22,Food,85.65
702,Government Expenditure,Singapore,2010,17.17,General,100.0
702,Government Expenditure,Singapore,2010,17.17,Food,100.0
702,GDP,Singapore,2010,3.11,General,100.0
702,GDP,Singapore,2010,3.11,Food,100.0
703,Government Expenditure,Slovakia,2005,9.47,Food,89.57
703,Government Expenditure,Slovakia,2005,9.47,General,86.8
703,GDP,Slovakia,2005,3.77,Food,89.57
703,GDP,Slovakia,2005,3.77,General,86.8
703,Government Expenditure,Slovakia,2010,9.77,General,100.0
703,Government Expenditure,Slovakia,2010,9.77,Food,100.0
703,GDP,Slovakia,2010,4.12,General,100.0
703,GDP,Slovakia,2010,4.12,Food,100.0
703,Government Expenditure,Slovakia,2015,10.28,Food,113.16
703,Government Expenditure,Slovakia,2015,10.28,General,108.74
703,GDP,Slovakia,2015,4.65,Food,113.16
703,GDP,Slovakia,2015,4.65,General,108.74
705,Government Expenditure,Slovenia,2005,13.29,General,86.82
705,Government Expenditure,Slovenia,2005,13.29,Food,81.3
705,GDP,Slovenia,2005,5.58,General,86.82
705,GDP,Slovenia,2005,5.58,Food,81.3
705,Government Expenditure,Slovenia,2010,12.08,General,100.0
705,Government Expenditure,Slovenia,2010,12.08,Food,100.0
705,GDP,Slovenia,2010,5.56,General,100.0
705,GDP,Slovenia,2010,5.56,Food,100.0
705,Government Expenditure,Slovenia,2015,11.22,Food,113.18
705,Government Expenditure,Slovenia,2015,11.22,General,105.95
705,GDP,Slovenia,2015,4.91,Food,113.18
705,GDP,Slovenia,2015,4.91,General,105.95
90,Government Expenditure,Solomon Islands,2010,17.48,General,100.0
90,GDP,Solomon Islands,2010,9.86,General,100.0
710,Government Expenditure,South Africa,2005,19.92,General,74.26
710,Government Expenditure,South Africa,2005,19.92,Food,67.1
710,GDP,South Africa,2005,5.06,General,74.26
710,GDP,South Africa,2005,5.06,Food,67.1
710,Government Expenditure,South Africa,2010,18.04,General,100.0
710,Government Expenditure,South Africa,2010,18.04,Food,100.0
710,GDP,South Africa,2010,5.72,General,100.0
710,GDP,South Africa,2010,5.72,Food,100.0
710,Government Expenditure,South Africa,2017,18.73,Food,162.2
710,Government Expenditure,South Africa,2017,18.73,General,145.7
710,GDP,South Africa,2017,6.13,Food,162.2
710,GDP,South Africa,2017,6.13,General,145.7
728,Government Expenditure,South Sudan,2016,0.85,Food,1660.87
728,Government Expenditure,South Sudan,2016,0.85,General,1592.38
728,GDP,South Sudan,2016,1.5,Food,1660.87
728,GDP,South Sudan,2016,1.5,General,1592.38
728,Government Expenditure,South Sudan,2017,1.07,General,4583.71
728,Government Expenditure,South Sudan,2017,1.07,Food,4574.02
728,GDP,South Sudan,2017,0.98,General,4583.71
728,GDP,South Sudan,2017,0.98,Food,4574.02
724,Government Expenditure,Spain,2005,10.78,Food,89.16
724,Government Expenditure,Spain,2005,10.78,General,88.96
724,GDP,Spain,2005,4.13,Food,89.16
724,GDP,Spain,2005,4.13,General,88.96
724,Government Expenditure,Spain,2010,10.56,General,100.0
724,Government Expenditure,Spain,2010,10.56,Food,100.0
724,GDP,Spain,2010,4.82,General,100.0
724,GDP,Spain,2010,4.82,Food,100.0
724,Government Expenditure,Spain,2015,9.77,Food,108.22
724,Government Expenditure,Spain,2015,9.77,General,106.51
724,GDP,Spain,2015,4.28,Food,108.22
724,GDP,Spain,2015,4.28,General,106.51
144,Government Expenditure,Sri Lanka,2010,8.61,General,100.0
144,Government Expenditure,Sri Lanka,2010,8.61,Food,100.0
144,GDP,Sri Lanka,2010,1.72,General,100.0
144,GDP,Sri Lanka,2010,1.72,Food,100.0
144,Government Expenditure,Sri Lanka,2017,14.5,Food,127.04
144,Government Expenditure,Sri Lanka,2017,14.5,General,122.56
144,GDP,Sri Lanka,2017,2.81,Food,127.04
144,GDP,Sri Lanka,2017,2.81,General,122.56
275,GDP,State of Palestine,2010,6.73,General,100.0
275,GDP,State of Palestine,2010,6.73,Food,100.0
275,GDP,State of Palestine,2017,5.25,General,110.98
275,GDP,State of Palestine,2017,5.25,Food,105.17
729,Government Expenditure,Sudan,2005,5.97,General,59.99
729,GDP,Sudan,2005,1.56,General,59.99
752,Government Expenditure,Sweden,2005,12.76,General,92.71
752,Government Expenditure,Sweden,2005,12.76,Food,87.16
752,GDP,Sweden,2005,6.56,General,92.71
752,GDP,Sweden,2005,6.56,Food,87.16
752,Government Expenditure,Sweden,2010,13.31,General,100.0
752,Government Expenditure,Sweden,2010,13.31,Food,100.0
752,GDP,Sweden,2010,6.62,General,100.0
752,GDP,Sweden,2010,6.62,Food,100.0
752,Government Expenditure,Sweden,2015,15.5,Food,107.9
752,Government Expenditure,Sweden,2015,15.5,General,103.59
752,GDP,Sweden,2015,7.55,Food,107.9
752,GDP,Sweden,2015,7.55,General,103.59
756,Government Expenditure,Switzerland,2005,15.82,Food,97.79
756,Government Expenditure,Switzerland,2005,15.82,General,95.71
756,GDP,Switzerland,2005,5.2,Food,97.79
756,GDP,Switzerland,2005,5.2,General,95.71
756,Government Expenditure,Switzerland,2010,15.39,Food,100.0
756,Government Expenditure,Switzerland,2010,15.39,General,99.99
756,GDP,Switzerland,2010,4.93,Food,100.0
756,GDP,Switzerland,2010,4.93,General,99.99
756,Government Expenditure,Switzerland,2015,15.53,General,98.21
756,Government Expenditure,Switzerland,2015,15.53,Food,97.08
756,GDP,Switzerland,2015,5.1,General,98.21
756,GDP,Switzerland,2015,5.1,Food,97.08
756,Government Expenditure,Switzerland,2016,15.53,General,97.74
756,Government Expenditure,Switzerland,2016,15.53,Food,97.46
756,GDP,Switzerland,2016,5.12,General,97.74
756,GDP,Switzerland,2016,5.12,Food,97.46
762,Government Expenditure,Tajikistan,2010,15.33,General,100.0
762,Government Expenditure,Tajikistan,2010,15.33,Food,100.0
762,GDP,Tajikistan,2010,4.01,General,100.0
762,GDP,Tajikistan,2010,4.01,Food,100.0
762,Government Expenditure,Tajikistan,2015,16.44,Food,146.79
762,Government Expenditure,Tajikistan,2015,16.44,General,140.24
762,GDP,Tajikistan,2015,5.23,Food,146.79
762,GDP,Tajikistan,2015,5.23,General,140.24
764,Government Expenditure,Thailand,2005,20.55,General,86.57
764,GDP,Thailand,2005,3.94,General,86.57
764,Government Expenditure,Thailand,2010,16.22,General,100.0
764,Government Expenditure,Thailand,2010,16.22,Food,100.0
764,GDP,Thailand,2010,3.51,General,100.0
764,GDP,Thailand,2010,3.51,Food,100.0
626,Government Expenditure,Timor-Leste,2010,9.15,General,100.0
626,GDP,Timor-Leste,2010,2.45,General,100.0
768,Government Expenditure,Togo,2005,17.68,Food,81.46
768,Government Expenditure,Togo,2005,17.68,General,77.64
768,GDP,Togo,2005,3.41,Food,81.46
768,GDP,Togo,2005,3.41,General,77.64
768,Government Expenditure,Togo,2010,19.62,General,100.0
768,Government Expenditure,Togo,2010,19.62,Food,100.0
768,GDP,Togo,2010,4.42,General,100.0
768,GDP,Togo,2010,4.42,Food,100.0
768,Government Expenditure,Togo,2016,15.99,General,111.27
768,Government Expenditure,Togo,2016,15.99,Food,109.92
768,GDP,Togo,2016,5.06,General,111.27
768,GDP,Togo,2016,5.06,Food,109.92
788,Government Expenditure,Tunisia,2005,26.7,General,81.59
788,GDP,Tunisia,2005,6.45,General,81.59
788,Government Expenditure,Tunisia,2010,24.85,General,100.0
788,Government Expenditure,Tunisia,2010,24.85,Food,100.0
788,GDP,Tunisia,2010,6.25,General,100.0
788,GDP,Tunisia,2010,6.25,Food,100.0
788,Government Expenditure,Tunisia,2015,22.9,Food,135.0
788,Government Expenditure,Tunisia,2015,22.9,General,126.73
788,GDP,Tunisia,2015,6.6,Food,135.0
788,GDP,Tunisia,2015,6.6,General,126.73
792,Government Expenditure,Turkey,2015,12.84,Food,157.28
792,Government Expenditure,Turkey,2015,12.84,General,146.07
792,GDP,Turkey,2015,4.29,Food,157.28
792,GDP,Turkey,2015,4.29,General,146.07
800,Government Expenditure,Uganda,2017,12.01,Food,186.78
800,Government Expenditure,Uganda,2017,12.01,General,167.91
800,GDP,Uganda,2017,2.64,Food,186.78
800,GDP,Uganda,2017,2.64,General,167.91
804,Government Expenditure,Ukraine,2005,13.74,General,51.2
804,GDP,Ukraine,2005,6.06,General,51.2
804,Government Expenditure,Ukraine,2016,12.35,General,205.61
804,Government Expenditure,Ukraine,2016,12.35,Food,181.6
804,GDP,Ukraine,2016,5.01,General,205.61
804,GDP,Ukraine,2016,5.01,Food,181.6
826,Government Expenditure,United Kingdom,2005,13.17,General,87.35
826,Government Expenditure,United Kingdom,2005,13.17,Food,78.52
826,GDP,United Kingdom,2005,4.98,General,87.35
826,GDP,United Kingdom,2005,4.98,Food,78.52
826,Government Expenditure,United Kingdom,2010,13.03,General,100.0
826,Government Expenditure,United Kingdom,2010,13.03,Food,100.0
826,GDP,United Kingdom,2010,5.77,General,100.0
826,GDP,United Kingdom,2010,5.77,Food,100.0
826,Government Expenditure,United Kingdom,2016,13.92,General,112.57
826,Government Expenditure,United Kingdom,2016,13.92,Food,107.22
826,GDP,United Kingdom,2016,5.54,General,112.57
826,GDP,United Kingdom,2016,5.54,Food,107.22
834,Government Expenditure,United Rep. of Tanzania,2005,18.14,General,66.33
834,GDP,United Rep. of Tanzania,2005,4.61,General,66.33
834,Government Expenditure,United Rep. of Tanzania,2010,19.65,General,100.0
834,GDP,United Rep. of Tanzania,2010,4.62,General,100.0
840,Government Expenditure,United States of America,2010,13.15,General,100.0
840,Government Expenditure,United States of America,2010,13.15,Food,100.0
840,GDP,United States of America,2010,5.42,General,100.0
840,GDP,United States of America,2010,5.42,Food,100.0
858,Government Expenditure,Uruguay,2005,9.44,General,70.54
858,Government Expenditure,Uruguay,2005,9.44,Food,64.29
858,GDP,Uruguay,2005,2.71,General,70.54
858,GDP,Uruguay,2005,2.71,Food,64.29
704,Government Expenditure,Viet Nam,2010,17.11,General,100.0
704,GDP,Viet Nam,2010,5.14,General,100.0
894,Government Expenditure,Zambia,2005,7.73,General,59.92
894,GDP,Zambia,2005,1.74,General,59.92
716,Government Expenditure,Zimbabwe,2010,8.72,General,100.0
716,Government Expenditure,Zimbabwe,2010,8.72,Food,100.0
716,GDP,Zimbabwe,2010,1.83,General,100.0
716,GDP,Zimbabwe,2010,1.83,Food,100.0
