Country ID,Education Source Data,Country Name,Year,Education Spend (%),Source Data,GDP
4,Government Expenditure,Afghanistan,2010,17.07,GDP real rates of growth (percent),3.2
4,GDP,Afghanistan,2010,3.46,GDP real rates of growth (percent),3.2
4,Government Expenditure,Afghanistan,2015,12.51,GDP real rates of growth (percent),-1.8
4,GDP,Afghanistan,2015,3.24,GDP real rates of growth (percent),-1.8
4,Government Expenditure,Afghanistan,2017,15.66,GDP real rates of growth (percent),2.5
4,GDP,Afghanistan,2017,3.93,GDP real rates of growth (percent),2.5
8,Government Expenditure,Albania,2005,11.36,GDP real rates of growth (percent),5.5
8,GDP,Albania,2005,3.24,GDP real rates of growth (percent),5.5
8,Government Expenditure,Albania,2015,11.32,GDP real rates of growth (percent),2.2
8,GDP,Albania,2015,3.44,GDP real rates of growth (percent),2.2
8,Government Expenditure,Albania,2016,13.6,GDP real rates of growth (percent),3.4
8,GDP,Albania,2016,3.95,GDP real rates of growth (percent),3.4
20,GDP,Andorra,2005,1.6,GDP real rates of growth (percent),7.4
20,GDP,Andorra,2010,3.06,GDP real rates of growth (percent),-5.4
20,GDP,Andorra,2017,3.2,GDP real rates of growth (percent),1.7
24,Government Expenditure,Angola,2005,7.99,GDP real rates of growth (percent),15.0
24,GDP,Angola,2005,2.78,GDP real rates of growth (percent),15.0
24,Government Expenditure,Angola,2010,8.68,GDP real rates of growth (percent),4.9
24,GDP,Angola,2010,3.47,GDP real rates of growth (percent),4.9
660,GDP,Anguilla,2005,2.95,GDP real rates of growth (percent),13.1
32,Government Expenditure,Argentina,2005,15.81,GDP real rates of growth (percent),8.9
32,GDP,Argentina,2005,3.86,GDP real rates of growth (percent),8.9
32,Government Expenditure,Argentina,2010,15.05,GDP real rates of growth (percent),10.1
32,GDP,Argentina,2010,5.02,GDP real rates of growth (percent),10.1
32,Government Expenditure,Argentina,2016,13.38,GDP real rates of growth (percent),-1.8
32,GDP,Argentina,2016,5.57,GDP real rates of growth (percent),-1.8
51,Government Expenditure,Armenia,2005,13.65,GDP real rates of growth (percent),13.9
51,GDP,Armenia,2005,2.71,GDP real rates of growth (percent),13.9
51,Government Expenditure,Armenia,2010,12.4,GDP real rates of growth (percent),2.2
51,GDP,Armenia,2010,3.25,GDP real rates of growth (percent),2.2
51,Government Expenditure,Armenia,2016,10.2,GDP real rates of growth (percent),0.2
51,GDP,Armenia,2016,2.76,GDP real rates of growth (percent),0.2
533,GDP,Aruba,2005,4.68,GDP real rates of growth (percent),1.2
533,GDP,Aruba,2010,6.71,GDP real rates of growth (percent),-3.4
533,GDP,Aruba,2016,6.14,GDP real rates of growth (percent),-0.2
36,Government Expenditure,Australia,2005,13.59,GDP real rates of growth (percent),2.8
36,GDP,Australia,2005,4.92,GDP real rates of growth (percent),2.8
36,Government Expenditure,Australia,2010,14.33,GDP real rates of growth (percent),2.5
36,GDP,Australia,2010,5.56,GDP real rates of growth (percent),2.5
36,Government Expenditure,Australia,2015,14.08,GDP real rates of growth (percent),2.8
36,GDP,Australia,2015,5.32,GDP real rates of growth (percent),2.8
40,Government Expenditure,Austria,2005,10.26,GDP real rates of growth (percent),2.2
40,GDP,Austria,2005,5.25,GDP real rates of growth (percent),2.2
40,Government Expenditure,Austria,2010,10.79,GDP real rates of growth (percent),1.8
40,GDP,Austria,2010,5.7,GDP real rates of growth (percent),1.8
40,Government Expenditure,Austria,2015,10.69,GDP real rates of growth (percent),1.1
40,GDP,Austria,2015,5.45,GDP real rates of growth (percent),1.1
31,Government Expenditure,Azerbaijan,2005,13.22,GDP real rates of growth (percent),28.0
31,GDP,Azerbaijan,2005,2.97,GDP real rates of growth (percent),28.0
31,Government Expenditure,Azerbaijan,2010,8.7,GDP real rates of growth (percent),4.8
31,GDP,Azerbaijan,2010,2.78,GDP real rates of growth (percent),4.8
31,Government Expenditure,Azerbaijan,2016,8.2,GDP real rates of growth (percent),-3.1
31,GDP,Azerbaijan,2016,2.9,GDP real rates of growth (percent),-3.1
48,Government Expenditure,Bahrain,2015,7.3,GDP real rates of growth (percent),2.9
48,GDP,Bahrain,2015,2.67,GDP real rates of growth (percent),2.9
48,Government Expenditure,Bahrain,2017,7.18,GDP real rates of growth (percent),3.8
48,GDP,Bahrain,2017,2.34,GDP real rates of growth (percent),3.8
50,Government Expenditure,Bangladesh,2016,11.42,GDP real rates of growth (percent),7.1
50,GDP,Bangladesh,2016,1.54,GDP real rates of growth (percent),7.1
52,Government Expenditure,Barbados,2005,18.24,GDP real rates of growth (percent),4.0
52,GDP,Barbados,2005,5.56,GDP real rates of growth (percent),4.0
52,Government Expenditure,Barbados,2010,18.1,GDP real rates of growth (percent),0.3
52,GDP,Barbados,2010,6.1,GDP real rates of growth (percent),0.3
52,Government Expenditure,Barbados,2016,14.06,GDP real rates of growth (percent),1.6
52,GDP,Barbados,2016,5.09,GDP real rates of growth (percent),1.6
52,Government Expenditure,Barbados,2017,12.88,GDP real rates of growth (percent),0.9
52,GDP,Barbados,2017,4.66,GDP real rates of growth (percent),0.9
112,Government Expenditure,Belarus,2005,12.62,GDP real rates of growth (percent),9.4
112,GDP,Belarus,2005,5.87,GDP real rates of growth (percent),9.4
112,Government Expenditure,Belarus,2010,11.78,GDP real rates of growth (percent),7.8
112,GDP,Belarus,2010,5.22,GDP real rates of growth (percent),7.8
112,Government Expenditure,Belarus,2017,12.28,GDP real rates of growth (percent),2.4
112,GDP,Belarus,2017,4.82,GDP real rates of growth (percent),2.4
56,Government Expenditure,Belgium,2005,11.17,GDP real rates of growth (percent),2.1
56,Government Expenditure,Belgium,2010,12.01,GDP real rates of growth (percent),2.7
56,Government Expenditure,Belgium,2015,12.17,GDP real rates of growth (percent),1.7
56,GDP,Belgium,2015,6.55,GDP real rates of growth (percent),1.7
84,Government Expenditure,Belize,2010,23.05,GDP real rates of growth (percent),3.3
84,GDP,Belize,2010,6.62,GDP real rates of growth (percent),3.3
84,Government Expenditure,Belize,2017,21.68,GDP real rates of growth (percent),0.5
84,GDP,Belize,2017,7.09,GDP real rates of growth (percent),0.5
204,Government Expenditure,Benin,2005,18.79,GDP real rates of growth (percent),1.7
204,GDP,Benin,2005,3.63,GDP real rates of growth (percent),1.7
204,Government Expenditure,Benin,2010,26.14,GDP real rates of growth (percent),2.1
204,GDP,Benin,2010,5.03,GDP real rates of growth (percent),2.1
204,Government Expenditure,Benin,2015,17.48,GDP real rates of growth (percent),6.5
204,GDP,Benin,2015,4.36,GDP real rates of growth (percent),6.5
204,Government Expenditure,Benin,2016,18.79,GDP real rates of growth (percent),5.0
204,GDP,Benin,2016,3.99,GDP real rates of growth (percent),5.0
60,GDP,Bermuda,2005,1.99,GDP real rates of growth (percent),1.7
60,GDP,Bermuda,2010,2.64,GDP real rates of growth (percent),-2.5
60,GDP,Bermuda,2015,1.69,GDP real rates of growth (percent),0.4
60,GDP,Bermuda,2017,1.49,GDP real rates of growth (percent),2.5
64,Government Expenditure,Bhutan,2005,22.85,GDP real rates of growth (percent),7.1
64,GDP,Bhutan,2005,7.08,GDP real rates of growth (percent),7.1
64,Government Expenditure,Bhutan,2010,11.03,GDP real rates of growth (percent),11.7
64,GDP,Bhutan,2010,4.02,GDP real rates of growth (percent),11.7
64,Government Expenditure,Bhutan,2015,26.35,GDP real rates of growth (percent),6.6
64,GDP,Bhutan,2015,7.39,GDP real rates of growth (percent),6.6
64,Government Expenditure,Bhutan,2017,24.04,GDP real rates of growth (percent),6.0
64,GDP,Bhutan,2017,7.05,GDP real rates of growth (percent),6.0
68,Government Expenditure,Bolivia (Plurin. State of),2010,24.13,GDP real rates of growth (percent),4.1
68,GDP,Bolivia (Plurin. State of),2010,7.6,GDP real rates of growth (percent),4.1
72,Government Expenditure,Botswana,2005,25.82,GDP real rates of growth (percent),4.6
72,GDP,Botswana,2005,10.68,GDP real rates of growth (percent),4.6
76,Government Expenditure,Brazil,2005,11.26,GDP real rates of growth (percent),3.2
76,GDP,Brazil,2005,4.48,GDP real rates of growth (percent),3.2
76,Government Expenditure,Brazil,2010,14.56,GDP real rates of growth (percent),7.5
76,GDP,Brazil,2010,5.65,GDP real rates of growth (percent),7.5
76,Government Expenditure,Brazil,2015,16.25,GDP real rates of growth (percent),-3.8
76,GDP,Brazil,2015,6.24,GDP real rates of growth (percent),-3.8
92,GDP,British Virgin Islands,2005,3.55,GDP real rates of growth (percent),15.5
92,GDP,British Virgin Islands,2010,4.45,GDP real rates of growth (percent),-0.1
92,GDP,British Virgin Islands,2015,6.32,GDP real rates of growth (percent),0.3
96,Government Expenditure,Brunei Darussalam,2010,5.3,GDP real rates of growth (percent),2.6
96,GDP,Brunei Darussalam,2010,2.05,GDP real rates of growth (percent),2.6
96,Government Expenditure,Brunei Darussalam,2016,11.44,GDP real rates of growth (percent),-2.5
96,GDP,Brunei Darussalam,2016,4.43,GDP real rates of growth (percent),-2.5
100,Government Expenditure,Bulgaria,2005,12.07,GDP real rates of growth (percent),7.1
100,GDP,Bulgaria,2005,4.14,GDP real rates of growth (percent),7.1
100,Government Expenditure,Bulgaria,2010,11.16,GDP real rates of growth (percent),1.3
100,GDP,Bulgaria,2010,3.86,GDP real rates of growth (percent),1.3
854,Government Expenditure,Burkina Faso,2005,19.49,GDP real rates of growth (percent),8.7
854,GDP,Burkina Faso,2005,4.43,GDP real rates of growth (percent),8.7
854,Government Expenditure,Burkina Faso,2010,16.17,GDP real rates of growth (percent),8.4
854,GDP,Burkina Faso,2010,3.94,GDP real rates of growth (percent),8.4
854,Government Expenditure,Burkina Faso,2015,18.03,GDP real rates of growth (percent),3.9
854,GDP,Burkina Faso,2015,4.17,GDP real rates of growth (percent),3.9
108,Government Expenditure,Burundi,2005,10.96,GDP real rates of growth (percent),0.9
108,GDP,Burundi,2005,3.63,GDP real rates of growth (percent),0.9
108,Government Expenditure,Burundi,2010,16.59,GDP real rates of growth (percent),5.1
108,GDP,Burundi,2010,6.79,GDP real rates of growth (percent),5.1
108,Government Expenditure,Burundi,2017,20.4,GDP real rates of growth (percent),0.0
108,GDP,Burundi,2017,4.34,GDP real rates of growth (percent),0.0
132,Government Expenditure,Cabo Verde,2010,14.22,GDP real rates of growth (percent),1.5
132,GDP,Cabo Verde,2010,5.57,GDP real rates of growth (percent),1.5
132,Government Expenditure,Cabo Verde,2016,17.84,GDP real rates of growth (percent),4.7
132,GDP,Cabo Verde,2016,5.37,GDP real rates of growth (percent),4.7
132,Government Expenditure,Cabo Verde,2017,16.38,GDP real rates of growth (percent),4.0
132,GDP,Cabo Verde,2017,5.22,GDP real rates of growth (percent),4.0
116,Government Expenditure,Cambodia,2010,7.34,GDP real rates of growth (percent),6.0
116,GDP,Cambodia,2010,1.53,GDP real rates of growth (percent),6.0
120,Government Expenditure,Cameroon,2005,21.38,GDP real rates of growth (percent),2.0
120,GDP,Cameroon,2005,2.89,GDP real rates of growth (percent),2.0
120,Government Expenditure,Cameroon,2010,18.75,GDP real rates of growth (percent),3.4
120,GDP,Cameroon,2010,2.99,GDP real rates of growth (percent),3.4
120,Government Expenditure,Cameroon,2017,15.47,GDP real rates of growth (percent),3.5
120,GDP,Cameroon,2017,3.08,GDP real rates of growth (percent),3.5
124,Government Expenditure,Canada,2005,12.18,GDP real rates of growth (percent),3.2
124,GDP,Canada,2005,4.78,GDP real rates of growth (percent),3.2
124,Government Expenditure,Canada,2010,12.34,GDP real rates of growth (percent),3.1
124,GDP,Canada,2010,5.37,GDP real rates of growth (percent),3.1
136,GDP,Cayman Islands,2005,1.79,GDP real rates of growth (percent),6.5
140,Government Expenditure,Central African Republic,2005,9.68,GDP real rates of growth (percent),2.4
140,GDP,Central African Republic,2005,1.65,GDP real rates of growth (percent),2.4
140,Government Expenditure,Central African Republic,2010,6.48,GDP real rates of growth (percent),3.6
140,GDP,Central African Republic,2010,1.2,GDP real rates of growth (percent),3.6
148,Government Expenditure,Chad,2005,14.67,GDP real rates of growth (percent),7.9
148,GDP,Chad,2005,1.69,GDP real rates of growth (percent),7.9
148,Government Expenditure,Chad,2010,8.12,GDP real rates of growth (percent),15.0
148,GDP,Chad,2010,1.98,GDP real rates of growth (percent),15.0
152,Government Expenditure,Chile,2005,16.2,GDP real rates of growth (percent),6.2
152,GDP,Chile,2005,3.26,GDP real rates of growth (percent),6.2
152,Government Expenditure,Chile,2010,17.84,GDP real rates of growth (percent),5.8
152,GDP,Chile,2010,4.16,GDP real rates of growth (percent),5.8
152,Government Expenditure,Chile,2016,21.16,GDP real rates of growth (percent),1.3
152,GDP,Chile,2016,5.35,GDP real rates of growth (percent),1.3
344,Government Expenditure,"China, Hong Kong SAR",2005,22.48,GDP real rates of growth (percent),7.4
344,GDP,"China, Hong Kong SAR",2005,4.13,GDP real rates of growth (percent),7.4
344,Government Expenditure,"China, Hong Kong SAR",2010,19.91,GDP real rates of growth (percent),6.8
344,GDP,"China, Hong Kong SAR",2010,3.51,GDP real rates of growth (percent),6.8
344,Government Expenditure,"China, Hong Kong SAR",2017,17.84,GDP real rates of growth (percent),3.8
344,GDP,"China, Hong Kong SAR",2017,3.31,GDP real rates of growth (percent),3.8
446,GDP,"China, Macao SAR",2005,2.29,GDP real rates of growth (percent),8.1
446,GDP,"China, Macao SAR",2010,2.63,GDP real rates of growth (percent),25.3
446,GDP,"China, Macao SAR",2016,3.08,GDP real rates of growth (percent),-0.9
170,Government Expenditure,Colombia,2005,15.54,GDP real rates of growth (percent),4.7
170,GDP,Colombia,2005,4.0,GDP real rates of growth (percent),4.7
170,Government Expenditure,Colombia,2010,16.42,GDP real rates of growth (percent),4.0
170,GDP,Colombia,2010,4.83,GDP real rates of growth (percent),4.0
170,Government Expenditure,Colombia,2017,15.17,GDP real rates of growth (percent),1.8
170,GDP,Colombia,2017,4.4,GDP real rates of growth (percent),1.8
174,Government Expenditure,Comoros,2015,15.27,GDP real rates of growth (percent),2.0
174,GDP,Comoros,2015,4.34,GDP real rates of growth (percent),2.0
178,Government Expenditure,Congo,2005,7.6,GDP real rates of growth (percent),7.6
178,GDP,Congo,2005,1.84,GDP real rates of growth (percent),7.6
178,Government Expenditure,Congo,2010,24.73,GDP real rates of growth (percent),15.0
178,GDP,Congo,2010,6.22,GDP real rates of growth (percent),15.0
178,Government Expenditure,Congo,2015,7.95,GDP real rates of growth (percent),-13.2
178,GDP,Congo,2015,4.56,GDP real rates of growth (percent),-13.2
184,GDP,Cook Islands,2016,4.65,GDP real rates of growth (percent),5.9
188,GDP,Costa Rica,2010,6.63,GDP real rates of growth (percent),5.0
188,GDP,Costa Rica,2017,7.43,GDP real rates of growth (percent),3.2
191,Government Expenditure,Croatia,2010,8.96,GDP real rates of growth (percent),-1.5
191,GDP,Croatia,2010,4.24,GDP real rates of growth (percent),-1.5
192,GDP,Cuba,2005,10.56,GDP real rates of growth (percent),11.2
192,GDP,Cuba,2010,12.84,GDP real rates of growth (percent),2.4
196,Government Expenditure,Cyprus,2005,15.84,GDP real rates of growth (percent),4.9
196,GDP,Cyprus,2005,6.2,GDP real rates of growth (percent),4.9
196,Government Expenditure,Cyprus,2010,15.65,GDP real rates of growth (percent),1.3
196,GDP,Cyprus,2010,6.58,GDP real rates of growth (percent),1.3
196,Government Expenditure,Cyprus,2015,16.28,GDP real rates of growth (percent),2.0
196,GDP,Cyprus,2015,6.38,GDP real rates of growth (percent),2.0
203,Government Expenditure,Czechia,2005,9.2,GDP real rates of growth (percent),6.5
203,GDP,Czechia,2005,3.89,GDP real rates of growth (percent),6.5
203,Government Expenditure,Czechia,2010,9.34,GDP real rates of growth (percent),2.3
203,GDP,Czechia,2010,4.06,GDP real rates of growth (percent),2.3
203,Government Expenditure,Czechia,2015,13.88,GDP real rates of growth (percent),5.3
203,GDP,Czechia,2015,5.79,GDP real rates of growth (percent),5.3
180,Government Expenditure,Dem. Rep. of the Congo,2010,9.66,GDP real rates of growth (percent),7.1
180,GDP,Dem. Rep. of the Congo,2010,1.52,GDP real rates of growth (percent),7.1
180,Government Expenditure,Dem. Rep. of the Congo,2015,11.74,GDP real rates of growth (percent),6.9
180,GDP,Dem. Rep. of the Congo,2015,2.17,GDP real rates of growth (percent),6.9
180,Government Expenditure,Dem. Rep. of the Congo,2017,11.71,GDP real rates of growth (percent),3.7
180,GDP,Dem. Rep. of the Congo,2017,1.47,GDP real rates of growth (percent),3.7
208,Government Expenditure,Denmark,2005,15.78,GDP real rates of growth (percent),2.3
208,GDP,Denmark,2005,8.09,GDP real rates of growth (percent),2.3
208,Government Expenditure,Denmark,2010,15.1,GDP real rates of growth (percent),1.9
208,GDP,Denmark,2010,8.56,GDP real rates of growth (percent),1.9
262,Government Expenditure,Djibouti,2005,22.72,GDP real rates of growth (percent),3.2
262,GDP,Djibouti,2005,8.37,GDP real rates of growth (percent),3.2
262,Government Expenditure,Djibouti,2010,12.33,GDP real rates of growth (percent),3.5
262,GDP,Djibouti,2010,4.49,GDP real rates of growth (percent),3.5
212,Government Expenditure,Dominica,2015,10.52,GDP real rates of growth (percent),-2.6
212,GDP,Dominica,2015,3.39,GDP real rates of growth (percent),-2.6
218,Government Expenditure,Ecuador,2010,13.0,GDP real rates of growth (percent),3.5
218,GDP,Ecuador,2010,4.51,GDP real rates of growth (percent),3.5
218,Government Expenditure,Ecuador,2015,12.6,GDP real rates of growth (percent),0.1
218,GDP,Ecuador,2015,5.0,GDP real rates of growth (percent),0.1
818,Government Expenditure,Egypt,2005,15.04,GDP real rates of growth (percent),4.5
818,GDP,Egypt,2005,4.79,GDP real rates of growth (percent),4.5
222,Government Expenditure,El Salvador,2005,14.66,GDP real rates of growth (percent),3.6
222,GDP,El Salvador,2005,3.18,GDP real rates of growth (percent),3.6
222,Government Expenditure,El Salvador,2010,16.16,GDP real rates of growth (percent),1.4
222,GDP,El Salvador,2010,4.05,GDP real rates of growth (percent),1.4
222,Government Expenditure,El Salvador,2016,16.11,GDP real rates of growth (percent),2.6
222,GDP,El Salvador,2016,3.87,GDP real rates of growth (percent),2.6
222,Government Expenditure,El Salvador,2017,15.63,GDP real rates of growth (percent),2.3
222,GDP,El Salvador,2017,3.75,GDP real rates of growth (percent),2.3
233,Government Expenditure,Estonia,2005,14.26,GDP real rates of growth (percent),9.6
233,GDP,Estonia,2005,4.84,GDP real rates of growth (percent),9.6
233,Government Expenditure,Estonia,2010,13.64,GDP real rates of growth (percent),2.3
233,GDP,Estonia,2010,5.53,GDP real rates of growth (percent),2.3
233,Government Expenditure,Estonia,2015,12.97,GDP real rates of growth (percent),1.7
233,GDP,Estonia,2015,5.22,GDP real rates of growth (percent),1.7
748,Government Expenditure,Eswatini,2005,20.89,GDP real rates of growth (percent),6.0
748,GDP,Eswatini,2005,6.48,GDP real rates of growth (percent),6.0
748,Government Expenditure,Eswatini,2010,18.28,GDP real rates of growth (percent),3.8
748,GDP,Eswatini,2010,6.12,GDP real rates of growth (percent),3.8
231,Government Expenditure,Ethiopia,2010,26.3,GDP real rates of growth (percent),12.6
231,GDP,Ethiopia,2010,4.5,GDP real rates of growth (percent),12.6
231,Government Expenditure,Ethiopia,2015,27.1,GDP real rates of growth (percent),10.4
231,GDP,Ethiopia,2015,4.74,GDP real rates of growth (percent),10.4
242,Government Expenditure,Fiji,2005,20.27,GDP real rates of growth (percent),0.7
242,GDP,Fiji,2005,5.12,GDP real rates of growth (percent),0.7
246,Government Expenditure,Finland,2005,12.25,GDP real rates of growth (percent),2.8
246,GDP,Finland,2005,6.04,GDP real rates of growth (percent),2.8
246,Government Expenditure,Finland,2010,11.95,GDP real rates of growth (percent),3.0
246,GDP,Finland,2010,6.54,GDP real rates of growth (percent),3.0
246,Government Expenditure,Finland,2015,12.41,GDP real rates of growth (percent),0.1
246,GDP,Finland,2015,7.09,GDP real rates of growth (percent),0.1
250,Government Expenditure,France,2005,10.36,GDP real rates of growth (percent),1.7
250,GDP,France,2005,5.52,GDP real rates of growth (percent),1.7
250,Government Expenditure,France,2010,10.01,GDP real rates of growth (percent),1.9
250,GDP,France,2010,5.69,GDP real rates of growth (percent),1.9
250,Government Expenditure,France,2015,9.62,GDP real rates of growth (percent),1.1
250,GDP,France,2015,5.46,GDP real rates of growth (percent),1.1
266,Government Expenditure,Gabon,2010,13.33,GDP real rates of growth (percent),7.1
266,GDP,Gabon,2010,3.08,GDP real rates of growth (percent),7.1
270,Government Expenditure,Gambia,2005,5.34,GDP real rates of growth (percent),-0.9
270,GDP,Gambia,2005,1.14,GDP real rates of growth (percent),-0.9
270,Government Expenditure,Gambia,2010,17.61,GDP real rates of growth (percent),6.5
270,GDP,Gambia,2010,4.16,GDP real rates of growth (percent),6.5
270,Government Expenditure,Gambia,2016,10.36,GDP real rates of growth (percent),0.4
270,GDP,Gambia,2016,3.09,GDP real rates of growth (percent),0.4
268,Government Expenditure,Georgia,2005,11.18,GDP real rates of growth (percent),9.6
268,GDP,Georgia,2005,2.48,GDP real rates of growth (percent),9.6
268,Government Expenditure,Georgia,2017,12.95,GDP real rates of growth (percent),4.8
268,GDP,Georgia,2017,3.83,GDP real rates of growth (percent),4.8
276,Government Expenditure,Germany,2010,10.4,GDP real rates of growth (percent),4.1
276,GDP,Germany,2010,4.91,GDP real rates of growth (percent),4.1
276,Government Expenditure,Germany,2015,10.99,GDP real rates of growth (percent),1.7
276,GDP,Germany,2015,4.81,GDP real rates of growth (percent),1.7
288,Government Expenditure,Ghana,2005,23.43,GDP real rates of growth (percent),6.2
288,GDP,Ghana,2005,7.42,GDP real rates of growth (percent),6.2
288,Government Expenditure,Ghana,2010,20.7,GDP real rates of growth (percent),7.9
288,GDP,Ghana,2010,5.54,GDP real rates of growth (percent),7.9
288,Government Expenditure,Ghana,2017,20.1,GDP real rates of growth (percent),8.1
288,GDP,Ghana,2017,4.51,GDP real rates of growth (percent),8.1
300,Government Expenditure,Greece,2005,8.7,GDP real rates of growth (percent),0.6
300,GDP,Greece,2005,3.96,GDP real rates of growth (percent),0.6
308,Government Expenditure,Grenada,2016,42.79,GDP real rates of growth (percent),3.7
308,GDP,Grenada,2016,10.29,GDP real rates of growth (percent),3.7
320,Government Expenditure,Guatemala,2010,19.3,GDP real rates of growth (percent),2.9
320,GDP,Guatemala,2010,2.8,GDP real rates of growth (percent),2.9
320,Government Expenditure,Guatemala,2017,23.09,GDP real rates of growth (percent),2.8
320,GDP,Guatemala,2017,2.8,GDP real rates of growth (percent),2.8
324,Government Expenditure,Guinea,2005,10.95,GDP real rates of growth (percent),3.0
324,GDP,Guinea,2005,1.85,GDP real rates of growth (percent),3.0
324,Government Expenditure,Guinea,2010,12.44,GDP real rates of growth (percent),4.8
324,GDP,Guinea,2010,2.55,GDP real rates of growth (percent),4.8
324,Government Expenditure,Guinea,2017,13.38,GDP real rates of growth (percent),8.2
324,GDP,Guinea,2017,2.21,GDP real rates of growth (percent),8.2
624,Government Expenditure,Guinea-Bissau,2010,9.07,GDP real rates of growth (percent),4.6
624,GDP,Guinea-Bissau,2010,1.86,GDP real rates of growth (percent),4.6
328,Government Expenditure,Guyana,2005,13.82,GDP real rates of growth (percent),-2.0
328,GDP,Guyana,2005,8.14,GDP real rates of growth (percent),-2.0
328,Government Expenditure,Guyana,2010,11.84,GDP real rates of growth (percent),4.1
328,GDP,Guyana,2010,3.64,GDP real rates of growth (percent),4.1
328,Government Expenditure,Guyana,2017,18.28,GDP real rates of growth (percent),2.2
328,GDP,Guyana,2017,6.25,GDP real rates of growth (percent),2.2
332,Government Expenditure,Haiti,2016,13.13,GDP real rates of growth (percent),1.5
332,GDP,Haiti,2016,2.45,GDP real rates of growth (percent),1.5
340,Government Expenditure,Honduras,2015,24.64,GDP real rates of growth (percent),3.8
340,GDP,Honduras,2015,6.41,GDP real rates of growth (percent),3.8
340,Government Expenditure,Honduras,2017,22.02,GDP real rates of growth (percent),4.8
340,GDP,Honduras,2017,5.96,GDP real rates of growth (percent),4.8
348,Government Expenditure,Hungary,2005,10.8,GDP real rates of growth (percent),4.4
348,GDP,Hungary,2005,5.33,GDP real rates of growth (percent),4.4
348,Government Expenditure,Hungary,2010,9.69,GDP real rates of growth (percent),0.7
348,GDP,Hungary,2010,4.77,GDP real rates of growth (percent),0.7
348,Government Expenditure,Hungary,2015,9.14,GDP real rates of growth (percent),3.5
348,GDP,Hungary,2015,4.58,GDP real rates of growth (percent),3.5
352,Government Expenditure,Iceland,2005,17.81,GDP real rates of growth (percent),6.3
352,GDP,Iceland,2005,7.41,GDP real rates of growth (percent),6.3
352,Government Expenditure,Iceland,2010,14.6,GDP real rates of growth (percent),-3.4
352,GDP,Iceland,2010,7.17,GDP real rates of growth (percent),-3.4
352,Government Expenditure,Iceland,2015,18.16,GDP real rates of growth (percent),4.5
352,GDP,Iceland,2015,7.71,GDP real rates of growth (percent),4.5
356,Government Expenditure,India,2005,11.21,GDP real rates of growth (percent),7.9
356,GDP,India,2005,3.23,GDP real rates of growth (percent),7.9
356,Government Expenditure,India,2010,11.83,GDP real rates of growth (percent),8.5
356,GDP,India,2010,3.42,GDP real rates of growth (percent),8.5
360,Government Expenditure,Indonesia,2005,15.15,GDP real rates of growth (percent),5.7
360,GDP,Indonesia,2005,2.87,GDP real rates of growth (percent),5.7
360,Government Expenditure,Indonesia,2010,16.65,GDP real rates of growth (percent),6.2
360,GDP,Indonesia,2010,2.81,GDP real rates of growth (percent),6.2
360,Government Expenditure,Indonesia,2015,20.5,GDP real rates of growth (percent),4.9
360,GDP,Indonesia,2015,3.58,GDP real rates of growth (percent),4.9
364,Government Expenditure,Iran (Islamic Republic of),2005,22.32,GDP real rates of growth (percent),3.2
364,GDP,Iran (Islamic Republic of),2005,4.06,GDP real rates of growth (percent),3.2
364,Government Expenditure,Iran (Islamic Republic of),2010,18.8,GDP real rates of growth (percent),5.8
364,GDP,Iran (Islamic Republic of),2010,3.71,GDP real rates of growth (percent),5.8
364,Government Expenditure,Iran (Islamic Republic of),2017,20.04,GDP real rates of growth (percent),3.8
364,GDP,Iran (Islamic Republic of),2017,3.79,GDP real rates of growth (percent),3.8
372,Government Expenditure,Ireland,2005,13.56,GDP real rates of growth (percent),6.0
372,GDP,Ireland,2005,4.52,GDP real rates of growth (percent),6.0
372,Government Expenditure,Ireland,2010,9.28,GDP real rates of growth (percent),1.8
372,GDP,Ireland,2010,6.04,GDP real rates of growth (percent),1.8
372,Government Expenditure,Ireland,2015,13.03,GDP real rates of growth (percent),25.8
372,GDP,Ireland,2015,3.77,GDP real rates of growth (percent),25.8
376,Government Expenditure,Israel,2005,12.74,GDP real rates of growth (percent),4.1
376,GDP,Israel,2005,5.76,GDP real rates of growth (percent),4.1
376,Government Expenditure,Israel,2010,13.61,GDP real rates of growth (percent),5.5
376,GDP,Israel,2010,5.54,GDP real rates of growth (percent),5.5
376,Government Expenditure,Israel,2015,15.04,GDP real rates of growth (percent),2.6
376,GDP,Israel,2015,5.88,GDP real rates of growth (percent),2.6
380,Government Expenditure,Italy,2005,9.01,GDP real rates of growth (percent),0.9
380,GDP,Italy,2005,4.25,GDP real rates of growth (percent),0.9
380,Government Expenditure,Italy,2010,8.72,GDP real rates of growth (percent),1.7
380,GDP,Italy,2010,4.35,GDP real rates of growth (percent),1.7
380,Government Expenditure,Italy,2015,8.11,GDP real rates of growth (percent),0.9
380,GDP,Italy,2015,4.08,GDP real rates of growth (percent),0.9
388,Government Expenditure,Jamaica,2005,14.27,GDP real rates of growth (percent),0.9
388,GDP,Jamaica,2005,4.62,GDP real rates of growth (percent),0.9
388,Government Expenditure,Jamaica,2010,16.1,GDP real rates of growth (percent),-1.5
388,GDP,Jamaica,2010,6.37,GDP real rates of growth (percent),-1.5
388,Government Expenditure,Jamaica,2017,18.4,GDP real rates of growth (percent),1.0
388,GDP,Jamaica,2017,5.27,GDP real rates of growth (percent),1.0
392,Government Expenditure,Japan,2016,9.13,GDP real rates of growth (percent),0.9
392,GDP,Japan,2016,3.47,GDP real rates of growth (percent),0.9
400,Government Expenditure,Jordan,2017,12.53,GDP real rates of growth (percent),2.1
400,GDP,Jordan,2017,3.6,GDP real rates of growth (percent),2.1
398,Government Expenditure,Kazakhstan,2005,10.23,GDP real rates of growth (percent),9.7
398,GDP,Kazakhstan,2005,2.26,GDP real rates of growth (percent),9.7
398,Government Expenditure,Kazakhstan,2017,11.42,GDP real rates of growth (percent),4.0
398,GDP,Kazakhstan,2017,2.88,GDP real rates of growth (percent),4.0
404,Government Expenditure,Kenya,2005,27.47,GDP real rates of growth (percent),5.9
404,GDP,Kenya,2005,7.34,GDP real rates of growth (percent),5.9
404,Government Expenditure,Kenya,2010,20.56,GDP real rates of growth (percent),8.4
404,GDP,Kenya,2010,5.51,GDP real rates of growth (percent),8.4
404,Government Expenditure,Kenya,2015,16.66,GDP real rates of growth (percent),5.7
404,GDP,Kenya,2015,5.27,GDP real rates of growth (percent),5.7
404,Government Expenditure,Kenya,2017,17.58,GDP real rates of growth (percent),4.9
404,GDP,Kenya,2017,5.24,GDP real rates of growth (percent),4.9
414,Government Expenditure,Kuwait,2005,13.85,GDP real rates of growth (percent),10.6
414,GDP,Kuwait,2005,4.74,GDP real rates of growth (percent),10.6
417,Government Expenditure,Kyrgyzstan,2005,16.77,GDP real rates of growth (percent),-0.2
417,GDP,Kyrgyzstan,2005,4.87,GDP real rates of growth (percent),-0.2
417,Government Expenditure,Kyrgyzstan,2010,15.68,GDP real rates of growth (percent),-0.5
417,GDP,Kyrgyzstan,2010,5.82,GDP real rates of growth (percent),-0.5
417,Government Expenditure,Kyrgyzstan,2016,16.78,GDP real rates of growth (percent),4.3
417,GDP,Kyrgyzstan,2016,6.59,GDP real rates of growth (percent),4.3
417,Government Expenditure,Kyrgyzstan,2017,18.64,GDP real rates of growth (percent),4.6
417,GDP,Kyrgyzstan,2017,7.21,GDP real rates of growth (percent),4.6
418,Government Expenditure,Lao People's Dem. Rep.,2005,13.73,GDP real rates of growth (percent),6.8
418,GDP,Lao People's Dem. Rep.,2005,2.41,GDP real rates of growth (percent),6.8
418,Government Expenditure,Lao People's Dem. Rep.,2010,7.28,GDP real rates of growth (percent),8.1
418,GDP,Lao People's Dem. Rep.,2010,1.71,GDP real rates of growth (percent),8.1
428,Government Expenditure,Latvia,2010,11.81,GDP real rates of growth (percent),-3.9
428,GDP,Latvia,2010,5.08,GDP real rates of growth (percent),-3.9
428,Government Expenditure,Latvia,2015,14.13,GDP real rates of growth (percent),3.0
428,GDP,Latvia,2015,5.34,GDP real rates of growth (percent),3.0
422,Government Expenditure,Lebanon,2005,8.42,GDP real rates of growth (percent),2.7
422,GDP,Lebanon,2005,2.67,GDP real rates of growth (percent),2.7
422,Government Expenditure,Lebanon,2010,5.53,GDP real rates of growth (percent),8.0
422,GDP,Lebanon,2010,1.61,GDP real rates of growth (percent),8.0
426,Government Expenditure,Lesotho,2005,32.4,GDP real rates of growth (percent),2.7
426,GDP,Lesotho,2005,12.08,GDP real rates of growth (percent),2.7
430,Government Expenditure,Liberia,2017,7.06,GDP real rates of growth (percent),2.5
430,GDP,Liberia,2017,3.83,GDP real rates of growth (percent),2.5
440,Government Expenditure,Lithuania,2005,14.58,GDP real rates of growth (percent),7.7
440,GDP,Lithuania,2005,4.87,GDP real rates of growth (percent),7.7
440,Government Expenditure,Lithuania,2010,12.86,GDP real rates of growth (percent),1.6
440,GDP,Lithuania,2010,5.3,GDP real rates of growth (percent),1.6
440,Government Expenditure,Lithuania,2015,12.29,GDP real rates of growth (percent),2.0
440,GDP,Lithuania,2015,4.22,GDP real rates of growth (percent),2.0
442,Government Expenditure,Luxembourg,2015,9.43,GDP real rates of growth (percent),3.9
442,GDP,Luxembourg,2015,3.92,GDP real rates of growth (percent),3.9
450,Government Expenditure,Madagascar,2005,18.03,GDP real rates of growth (percent),4.6
450,GDP,Madagascar,2005,3.85,GDP real rates of growth (percent),4.6
454,Government Expenditure,Malawi,2010,12.52,GDP real rates of growth (percent),5.5
454,GDP,Malawi,2010,3.54,GDP real rates of growth (percent),5.5
454,Government Expenditure,Malawi,2016,17.1,GDP real rates of growth (percent),2.7
454,GDP,Malawi,2016,4.75,GDP real rates of growth (percent),2.7
454,Government Expenditure,Malawi,2017,14.34,GDP real rates of growth (percent),5.1
454,GDP,Malawi,2017,4.03,GDP real rates of growth (percent),5.1
458,Government Expenditure,Malaysia,2010,18.41,GDP real rates of growth (percent),7.4
458,GDP,Malaysia,2010,4.97,GDP real rates of growth (percent),7.4
458,Government Expenditure,Malaysia,2017,21.06,GDP real rates of growth (percent),5.9
458,GDP,Malaysia,2017,4.74,GDP real rates of growth (percent),5.9
462,Government Expenditure,Maldives,2005,13.02,GDP real rates of growth (percent),-13.1
462,GDP,Maldives,2005,5.02,GDP real rates of growth (percent),-13.1
462,Government Expenditure,Maldives,2010,12.46,GDP real rates of growth (percent),7.3
462,GDP,Maldives,2010,4.12,GDP real rates of growth (percent),7.3
462,Government Expenditure,Maldives,2016,11.29,GDP real rates of growth (percent),7.3
462,GDP,Maldives,2016,4.25,GDP real rates of growth (percent),7.3
466,Government Expenditure,Mali,2005,16.28,GDP real rates of growth (percent),10.4
466,GDP,Mali,2005,3.52,GDP real rates of growth (percent),10.4
466,Government Expenditure,Mali,2010,16.5,GDP real rates of growth (percent),10.9
466,GDP,Mali,2010,3.34,GDP real rates of growth (percent),10.9
466,Government Expenditure,Mali,2016,13.9,GDP real rates of growth (percent),8.8
466,GDP,Mali,2016,3.09,GDP real rates of growth (percent),8.8
470,Government Expenditure,Malta,2010,15.72,GDP real rates of growth (percent),3.5
470,GDP,Malta,2010,6.45,GDP real rates of growth (percent),3.5
470,Government Expenditure,Malta,2015,13.15,GDP real rates of growth (percent),9.5
470,GDP,Malta,2015,5.27,GDP real rates of growth (percent),9.5
478,Government Expenditure,Mauritania,2010,16.04,GDP real rates of growth (percent),4.8
478,GDP,Mauritania,2010,3.6,GDP real rates of growth (percent),4.8
478,Government Expenditure,Mauritania,2016,9.33,GDP real rates of growth (percent),1.7
478,GDP,Mauritania,2016,2.63,GDP real rates of growth (percent),1.7
480,Government Expenditure,Mauritius,2005,17.09,GDP real rates of growth (percent),1.8
480,GDP,Mauritius,2005,4.2,GDP real rates of growth (percent),1.8
480,Government Expenditure,Mauritius,2010,14.57,GDP real rates of growth (percent),4.4
480,GDP,Mauritius,2010,3.55,GDP real rates of growth (percent),4.4
480,Government Expenditure,Mauritius,2017,19.93,GDP real rates of growth (percent),3.9
480,GDP,Mauritius,2017,5.02,GDP real rates of growth (percent),3.9
484,Government Expenditure,Mexico,2005,21.9,GDP real rates of growth (percent),2.3
484,GDP,Mexico,2005,4.85,GDP real rates of growth (percent),2.3
484,Government Expenditure,Mexico,2010,18.64,GDP real rates of growth (percent),5.1
484,GDP,Mexico,2010,5.16,GDP real rates of growth (percent),5.1
484,Government Expenditure,Mexico,2015,19.02,GDP real rates of growth (percent),3.3
484,GDP,Mexico,2015,5.24,GDP real rates of growth (percent),3.3
583,Government Expenditure,Micronesia (Fed. States of),2015,22.31,GDP real rates of growth (percent),4.9
583,GDP,Micronesia (Fed. States of),2015,12.46,GDP real rates of growth (percent),4.9
492,GDP,Monaco,2010,1.32,GDP real rates of growth (percent),2.2
492,GDP,Monaco,2016,1.37,GDP real rates of growth (percent),3.2
496,Government Expenditure,Mongolia,2010,14.71,GDP real rates of growth (percent),6.4
496,GDP,Mongolia,2010,4.65,GDP real rates of growth (percent),6.4
496,Government Expenditure,Mongolia,2017,13.49,GDP real rates of growth (percent),5.1
496,GDP,Mongolia,2017,4.07,GDP real rates of growth (percent),5.1
508,Government Expenditure,Mozambique,2005,22.72,GDP real rates of growth (percent),8.7
508,GDP,Mozambique,2005,4.43,GDP real rates of growth (percent),8.7
104,Government Expenditure,Myanmar,2017,10.15,GDP real rates of growth (percent),6.8
104,GDP,Myanmar,2017,2.17,GDP real rates of growth (percent),6.8
516,Government Expenditure,Namibia,2010,26.12,GDP real rates of growth (percent),6.0
516,GDP,Namibia,2010,8.35,GDP real rates of growth (percent),6.0
524,Government Expenditure,Nepal,2005,22.29,GDP real rates of growth (percent),3.5
524,GDP,Nepal,2005,3.36,GDP real rates of growth (percent),3.5
524,Government Expenditure,Nepal,2010,16.03,GDP real rates of growth (percent),4.8
524,GDP,Nepal,2010,3.63,GDP real rates of growth (percent),4.8
524,Government Expenditure,Nepal,2015,16.99,GDP real rates of growth (percent),3.3
524,GDP,Nepal,2015,3.7,GDP real rates of growth (percent),3.3
524,Government Expenditure,Nepal,2017,15.75,GDP real rates of growth (percent),7.5
524,GDP,Nepal,2017,5.1,GDP real rates of growth (percent),7.5
528,Government Expenditure,Netherlands,2005,12.44,GDP real rates of growth (percent),2.2
528,GDP,Netherlands,2005,5.16,GDP real rates of growth (percent),2.2
528,Government Expenditure,Netherlands,2010,11.74,GDP real rates of growth (percent),1.4
528,GDP,Netherlands,2010,5.56,GDP real rates of growth (percent),1.4
528,Government Expenditure,Netherlands,2015,12.25,GDP real rates of growth (percent),2.3
528,GDP,Netherlands,2015,5.4,GDP real rates of growth (percent),2.3
554,Government Expenditure,New Zealand,2005,16.27,GDP real rates of growth (percent),3.3
554,GDP,New Zealand,2005,6.28,GDP real rates of growth (percent),3.3
554,Government Expenditure,New Zealand,2010,15.72,GDP real rates of growth (percent),1.0
554,GDP,New Zealand,2010,7.0,GDP real rates of growth (percent),1.0
554,Government Expenditure,New Zealand,2016,16.57,GDP real rates of growth (percent),3.5
554,GDP,New Zealand,2016,6.3,GDP real rates of growth (percent),3.5
558,GDP,Nicaragua,2010,4.48,GDP real rates of growth (percent),4.4
558,GDP,Nicaragua,2017,4.35,GDP real rates of growth (percent),4.9
562,Government Expenditure,Niger,2010,18.1,GDP real rates of growth (percent),8.4
562,GDP,Niger,2010,3.73,GDP real rates of growth (percent),8.4
562,Government Expenditure,Niger,2017,13.25,GDP real rates of growth (percent),4.9
562,GDP,Niger,2017,3.54,GDP real rates of growth (percent),4.9
578,Government Expenditure,Norway,2005,16.55,GDP real rates of growth (percent),2.6
578,GDP,Norway,2005,6.87,GDP real rates of growth (percent),2.6
578,Government Expenditure,Norway,2010,15.23,GDP real rates of growth (percent),0.7
578,GDP,Norway,2010,6.74,GDP real rates of growth (percent),0.7
578,Government Expenditure,Norway,2015,15.73,GDP real rates of growth (percent),2.0
578,GDP,Norway,2015,7.55,GDP real rates of growth (percent),2.0
512,Government Expenditure,Oman,2005,10.05,GDP real rates of growth (percent),2.5
512,GDP,Oman,2005,3.52,GDP real rates of growth (percent),2.5
512,Government Expenditure,Oman,2017,15.34,GDP real rates of growth (percent),-0.9
512,GDP,Oman,2017,6.67,GDP real rates of growth (percent),-0.9
586,Government Expenditure,Pakistan,2005,13.78,GDP real rates of growth (percent),7.7
586,GDP,Pakistan,2005,2.25,GDP real rates of growth (percent),7.7
586,Government Expenditure,Pakistan,2010,11.86,GDP real rates of growth (percent),1.6
586,GDP,Pakistan,2010,2.29,GDP real rates of growth (percent),1.6
586,Government Expenditure,Pakistan,2016,12.6,GDP real rates of growth (percent),5.5
586,GDP,Pakistan,2016,2.49,GDP real rates of growth (percent),5.5
586,Government Expenditure,Pakistan,2017,13.85,GDP real rates of growth (percent),5.7
586,GDP,Pakistan,2017,2.76,GDP real rates of growth (percent),5.7
600,GDP,Paraguay,2010,3.77,GDP real rates of growth (percent),13.1
600,GDP,Paraguay,2016,4.52,GDP real rates of growth (percent),4.0
604,Government Expenditure,Peru,2005,14.28,GDP real rates of growth (percent),6.3
604,GDP,Peru,2005,2.84,GDP real rates of growth (percent),6.3
604,Government Expenditure,Peru,2010,13.56,GDP real rates of growth (percent),8.3
604,GDP,Peru,2010,2.87,GDP real rates of growth (percent),8.3
604,Government Expenditure,Peru,2017,18.24,GDP real rates of growth (percent),2.5
604,GDP,Peru,2017,3.92,GDP real rates of growth (percent),2.5
608,Government Expenditure,Philippines,2005,12.42,GDP real rates of growth (percent),4.8
608,GDP,Philippines,2005,2.43,GDP real rates of growth (percent),4.8
616,Government Expenditure,Poland,2005,12.22,GDP real rates of growth (percent),3.5
616,GDP,Poland,2005,5.43,GDP real rates of growth (percent),3.5
616,Government Expenditure,Poland,2010,11.06,GDP real rates of growth (percent),3.6
616,GDP,Poland,2010,5.07,GDP real rates of growth (percent),3.6
616,Government Expenditure,Poland,2015,11.58,GDP real rates of growth (percent),3.8
616,GDP,Poland,2015,4.81,GDP real rates of growth (percent),3.8
620,Government Expenditure,Portugal,2005,10.86,GDP real rates of growth (percent),0.8
620,GDP,Portugal,2005,5.07,GDP real rates of growth (percent),0.8
620,Government Expenditure,Portugal,2010,10.43,GDP real rates of growth (percent),1.9
620,GDP,Portugal,2010,5.4,GDP real rates of growth (percent),1.9
620,Government Expenditure,Portugal,2015,10.15,GDP real rates of growth (percent),1.8
620,GDP,Portugal,2015,4.88,GDP real rates of growth (percent),1.8
634,Government Expenditure,Qatar,2005,13.74,GDP real rates of growth (percent),7.5
634,GDP,Qatar,2005,3.97,GDP real rates of growth (percent),7.5
634,Government Expenditure,Qatar,2010,13.82,GDP real rates of growth (percent),16.7
634,GDP,Qatar,2010,4.54,GDP real rates of growth (percent),16.7
634,Government Expenditure,Qatar,2017,8.88,GDP real rates of growth (percent),1.6
634,GDP,Qatar,2017,2.85,GDP real rates of growth (percent),1.6
410,GDP,Republic of Korea,2005,3.9,GDP real rates of growth (percent),3.9
410,GDP,Republic of Korea,2015,5.25,GDP real rates of growth (percent),2.8
498,Government Expenditure,Republic of Moldova,2005,19.3,GDP real rates of growth (percent),7.5
498,GDP,Republic of Moldova,2005,7.16,GDP real rates of growth (percent),7.5
498,Government Expenditure,Republic of Moldova,2010,22.27,GDP real rates of growth (percent),7.1
498,GDP,Republic of Moldova,2010,9.11,GDP real rates of growth (percent),7.1
498,Government Expenditure,Republic of Moldova,2017,18.33,GDP real rates of growth (percent),4.5
498,GDP,Republic of Moldova,2017,6.68,GDP real rates of growth (percent),4.5
642,Government Expenditure,Romania,2005,10.84,GDP real rates of growth (percent),4.2
642,GDP,Romania,2005,3.46,GDP real rates of growth (percent),4.2
642,Government Expenditure,Romania,2010,9.13,GDP real rates of growth (percent),-2.8
642,GDP,Romania,2010,3.49,GDP real rates of growth (percent),-2.8
642,Government Expenditure,Romania,2015,9.08,GDP real rates of growth (percent),4.0
642,GDP,Romania,2015,3.11,GDP real rates of growth (percent),4.0
643,Government Expenditure,Russian Federation,2005,11.95,GDP real rates of growth (percent),6.4
643,GDP,Russian Federation,2005,3.77,GDP real rates of growth (percent),6.4
643,Government Expenditure,Russian Federation,2015,10.87,GDP real rates of growth (percent),-2.5
643,GDP,Russian Federation,2015,3.82,GDP real rates of growth (percent),-2.5
646,Government Expenditure,Rwanda,2010,17.55,GDP real rates of growth (percent),7.3
646,GDP,Rwanda,2010,4.89,GDP real rates of growth (percent),7.3
646,Government Expenditure,Rwanda,2015,12.54,GDP real rates of growth (percent),8.9
646,GDP,Rwanda,2015,3.75,GDP real rates of growth (percent),8.9
646,Government Expenditure,Rwanda,2016,12.28,GDP real rates of growth (percent),6.0
646,GDP,Rwanda,2016,3.54,GDP real rates of growth (percent),6.0
646,Government Expenditure,Rwanda,2017,11.08,GDP real rates of growth (percent),6.1
646,GDP,Rwanda,2017,3.21,GDP real rates of growth (percent),6.1
659,Government Expenditure,Saint Kitts and Nevis,2005,11.06,GDP real rates of growth (percent),8.8
659,GDP,Saint Kitts and Nevis,2005,3.86,GDP real rates of growth (percent),8.8
659,Government Expenditure,Saint Kitts and Nevis,2015,8.64,GDP real rates of growth (percent),4.0
659,GDP,Saint Kitts and Nevis,2015,2.78,GDP real rates of growth (percent),4.0
662,Government Expenditure,Saint Lucia,2005,16.31,GDP real rates of growth (percent),-1.7
662,GDP,Saint Lucia,2005,5.06,GDP real rates of growth (percent),-1.7
662,Government Expenditure,Saint Lucia,2010,14.2,GDP real rates of growth (percent),0.2
662,GDP,Saint Lucia,2010,3.86,GDP real rates of growth (percent),0.2
662,Government Expenditure,Saint Lucia,2015,16.45,GDP real rates of growth (percent),-0.9
662,GDP,Saint Lucia,2015,4.37,GDP real rates of growth (percent),-0.9
662,Government Expenditure,Saint Lucia,2016,21.98,GDP real rates of growth (percent),3.4
662,GDP,Saint Lucia,2016,5.71,GDP real rates of growth (percent),3.4
670,Government Expenditure,Saint Vincent & Grenadines,2005,22.59,GDP real rates of growth (percent),2.5
670,GDP,Saint Vincent & Grenadines,2005,6.35,GDP real rates of growth (percent),2.5
670,Government Expenditure,Saint Vincent & Grenadines,2010,15.49,GDP real rates of growth (percent),-3.3
670,GDP,Saint Vincent & Grenadines,2010,5.09,GDP real rates of growth (percent),-3.3
670,Government Expenditure,Saint Vincent & Grenadines,2017,18.98,GDP real rates of growth (percent),0.7
670,GDP,Saint Vincent & Grenadines,2017,5.75,GDP real rates of growth (percent),0.7
882,Government Expenditure,Samoa,2016,10.48,GDP real rates of growth (percent),6.5
882,GDP,Samoa,2016,4.08,GDP real rates of growth (percent),6.5
674,Government Expenditure,San Marino,2010,10.78,GDP real rates of growth (percent),-4.6
674,GDP,San Marino,2010,2.31,GDP real rates of growth (percent),-4.6
678,Government Expenditure,Sao Tome and Principe,2005,12.13,GDP real rates of growth (percent),7.1
678,GDP,Sao Tome and Principe,2005,5.3,GDP real rates of growth (percent),7.1
678,Government Expenditure,Sao Tome and Principe,2010,19.32,GDP real rates of growth (percent),6.7
678,GDP,Sao Tome and Principe,2010,9.65,GDP real rates of growth (percent),6.7
678,Government Expenditure,Sao Tome and Principe,2017,18.4,GDP real rates of growth (percent),3.9
678,GDP,Sao Tome and Principe,2017,4.86,GDP real rates of growth (percent),3.9
682,Government Expenditure,Saudi Arabia,2005,19.29,GDP real rates of growth (percent),5.6
682,GDP,Saudi Arabia,2005,5.43,GDP real rates of growth (percent),5.6
686,Government Expenditure,Senegal,2005,21.77,GDP real rates of growth (percent),5.6
686,GDP,Senegal,2005,5.14,GDP real rates of growth (percent),5.6
686,Government Expenditure,Senegal,2010,24.05,GDP real rates of growth (percent),4.2
686,GDP,Senegal,2010,6.5,GDP real rates of growth (percent),4.2
686,Government Expenditure,Senegal,2016,21.34,GDP real rates of growth (percent),6.2
686,GDP,Senegal,2016,6.63,GDP real rates of growth (percent),6.2
686,Government Expenditure,Senegal,2017,21.56,GDP real rates of growth (percent),6.7
686,GDP,Senegal,2017,6.2,GDP real rates of growth (percent),6.7
688,Government Expenditure,Serbia,2010,10.1,GDP real rates of growth (percent),0.6
688,GDP,Serbia,2010,4.59,GDP real rates of growth (percent),0.6
688,Government Expenditure,Serbia,2015,8.88,GDP real rates of growth (percent),0.8
688,GDP,Serbia,2015,4.04,GDP real rates of growth (percent),0.8
688,Government Expenditure,Serbia,2016,8.69,GDP real rates of growth (percent),2.8
688,GDP,Serbia,2016,3.86,GDP real rates of growth (percent),2.8
690,Government Expenditure,Seychelles,2016,11.72,GDP real rates of growth (percent),4.5
690,GDP,Seychelles,2016,4.42,GDP real rates of growth (percent),4.5
694,Government Expenditure,Sierra Leone,2005,15.51,GDP real rates of growth (percent),4.5
694,GDP,Sierra Leone,2005,2.8,GDP real rates of growth (percent),4.5
694,Government Expenditure,Sierra Leone,2010,12.8,GDP real rates of growth (percent),5.3
694,GDP,Sierra Leone,2010,2.59,GDP real rates of growth (percent),5.3
694,Government Expenditure,Sierra Leone,2017,19.92,GDP real rates of growth (percent),3.8
694,GDP,Sierra Leone,2017,4.64,GDP real rates of growth (percent),3.8
702,Government Expenditure,Singapore,2005,19.82,GDP real rates of growth (percent),7.5
702,GDP,Singapore,2005,3.22,GDP real rates of growth (percent),7.5
702,Government Expenditure,Singapore,2010,17.17,GDP real rates of growth (percent),15.2
702,GDP,Singapore,2010,3.11,GDP real rates of growth (percent),15.2
703,Government Expenditure,Slovakia,2005,9.47,GDP real rates of growth (percent),6.8
703,GDP,Slovakia,2005,3.77,GDP real rates of growth (percent),6.8
703,Government Expenditure,Slovakia,2010,9.77,GDP real rates of growth (percent),5.0
703,GDP,Slovakia,2010,4.12,GDP real rates of growth (percent),5.0
703,Government Expenditure,Slovakia,2015,10.28,GDP real rates of growth (percent),4.2
703,GDP,Slovakia,2015,4.65,GDP real rates of growth (percent),4.2
705,Government Expenditure,Slovenia,2005,13.29,GDP real rates of growth (percent),4.0
705,GDP,Slovenia,2005,5.58,GDP real rates of growth (percent),4.0
705,Government Expenditure,Slovenia,2010,12.08,GDP real rates of growth (percent),1.2
705,GDP,Slovenia,2010,5.56,GDP real rates of growth (percent),1.2
705,Government Expenditure,Slovenia,2015,11.22,GDP real rates of growth (percent),2.3
705,GDP,Slovenia,2015,4.91,GDP real rates of growth (percent),2.3
90,Government Expenditure,Solomon Islands,2010,17.48,GDP real rates of growth (percent),10.6
90,GDP,Solomon Islands,2010,9.86,GDP real rates of growth (percent),10.6
710,Government Expenditure,South Africa,2005,19.92,GDP real rates of growth (percent),5.3
710,GDP,South Africa,2005,5.06,GDP real rates of growth (percent),5.3
710,Government Expenditure,South Africa,2010,18.04,GDP real rates of growth (percent),3.0
710,GDP,South Africa,2010,5.72,GDP real rates of growth (percent),3.0
710,Government Expenditure,South Africa,2017,18.73,GDP real rates of growth (percent),1.3
710,GDP,South Africa,2017,6.13,GDP real rates of growth (percent),1.3
728,Government Expenditure,South Sudan,2016,0.85,GDP real rates of growth (percent),0.3
728,GDP,South Sudan,2016,1.5,GDP real rates of growth (percent),0.3
728,Government Expenditure,South Sudan,2017,1.07,GDP real rates of growth (percent),1.3
728,GDP,South Sudan,2017,0.98,GDP real rates of growth (percent),1.3
724,Government Expenditure,Spain,2005,10.78,GDP real rates of growth (percent),3.7
724,GDP,Spain,2005,4.13,GDP real rates of growth (percent),3.7
724,Government Expenditure,Spain,2010,10.56,GDP real rates of growth (percent),0.0
724,GDP,Spain,2010,4.82,GDP real rates of growth (percent),0.0
724,Government Expenditure,Spain,2015,9.77,GDP real rates of growth (percent),3.6
724,GDP,Spain,2015,4.28,GDP real rates of growth (percent),3.6
144,Government Expenditure,Sri Lanka,2010,8.61,GDP real rates of growth (percent),8.0
144,GDP,Sri Lanka,2010,1.72,GDP real rates of growth (percent),8.0
144,Government Expenditure,Sri Lanka,2017,14.5,GDP real rates of growth (percent),3.3
144,GDP,Sri Lanka,2017,2.81,GDP real rates of growth (percent),3.3
275,GDP,State of Palestine,2010,6.73,GDP real rates of growth (percent),8.1
275,GDP,State of Palestine,2017,5.25,GDP real rates of growth (percent),3.1
752,Government Expenditure,Sweden,2005,12.76,GDP real rates of growth (percent),2.8
752,GDP,Sweden,2005,6.56,GDP real rates of growth (percent),2.8
752,Government Expenditure,Sweden,2010,13.31,GDP real rates of growth (percent),6.0
752,GDP,Sweden,2010,6.62,GDP real rates of growth (percent),6.0
752,Government Expenditure,Sweden,2015,15.5,GDP real rates of growth (percent),4.5
752,GDP,Sweden,2015,7.55,GDP real rates of growth (percent),4.5
756,Government Expenditure,Switzerland,2005,15.82,GDP real rates of growth (percent),3.1
756,GDP,Switzerland,2005,5.2,GDP real rates of growth (percent),3.1
756,Government Expenditure,Switzerland,2010,15.39,GDP real rates of growth (percent),3.0
756,GDP,Switzerland,2010,4.93,GDP real rates of growth (percent),3.0
756,Government Expenditure,Switzerland,2015,15.53,GDP real rates of growth (percent),1.3
756,GDP,Switzerland,2015,5.1,GDP real rates of growth (percent),1.3
756,Government Expenditure,Switzerland,2016,15.53,GDP real rates of growth (percent),1.6
756,GDP,Switzerland,2016,5.12,GDP real rates of growth (percent),1.6
762,Government Expenditure,Tajikistan,2005,15.29,GDP real rates of growth (percent),6.7
762,GDP,Tajikistan,2005,3.51,GDP real rates of growth (percent),6.7
762,Government Expenditure,Tajikistan,2010,15.33,GDP real rates of growth (percent),6.5
762,GDP,Tajikistan,2010,4.01,GDP real rates of growth (percent),6.5
762,Government Expenditure,Tajikistan,2015,16.44,GDP real rates of growth (percent),6.0
762,GDP,Tajikistan,2015,5.23,GDP real rates of growth (percent),6.0
764,Government Expenditure,Thailand,2005,20.55,GDP real rates of growth (percent),4.2
764,GDP,Thailand,2005,3.94,GDP real rates of growth (percent),4.2
764,Government Expenditure,Thailand,2010,16.22,GDP real rates of growth (percent),7.5
764,GDP,Thailand,2010,3.51,GDP real rates of growth (percent),7.5
626,Government Expenditure,Timor-Leste,2010,9.15,GDP real rates of growth (percent),-1.2
626,GDP,Timor-Leste,2010,2.45,GDP real rates of growth (percent),-1.2
768,Government Expenditure,Togo,2005,17.68,GDP real rates of growth (percent),-4.7
768,GDP,Togo,2005,3.41,GDP real rates of growth (percent),-4.7
768,Government Expenditure,Togo,2010,19.62,GDP real rates of growth (percent),6.1
768,GDP,Togo,2010,4.42,GDP real rates of growth (percent),6.1
768,Government Expenditure,Togo,2016,15.99,GDP real rates of growth (percent),5.6
768,GDP,Togo,2016,5.06,GDP real rates of growth (percent),5.6
788,Government Expenditure,Tunisia,2005,26.7,GDP real rates of growth (percent),4.0
788,GDP,Tunisia,2005,6.45,GDP real rates of growth (percent),4.0
788,Government Expenditure,Tunisia,2010,24.85,GDP real rates of growth (percent),3.0
788,GDP,Tunisia,2010,6.25,GDP real rates of growth (percent),3.0
788,Government Expenditure,Tunisia,2015,22.9,GDP real rates of growth (percent),1.2
788,GDP,Tunisia,2015,6.6,GDP real rates of growth (percent),1.2
792,Government Expenditure,Turkey,2015,12.84,GDP real rates of growth (percent),6.1
792,GDP,Turkey,2015,4.29,GDP real rates of growth (percent),6.1
796,GDP,Turks and Caicos Islands,2005,2.54,GDP real rates of growth (percent),14.4
796,GDP,Turks and Caicos Islands,2015,3.27,GDP real rates of growth (percent),5.9
800,Government Expenditure,Uganda,2010,10.1,GDP real rates of growth (percent),8.2
800,GDP,Uganda,2010,2.39,GDP real rates of growth (percent),8.2
800,Government Expenditure,Uganda,2017,12.01,GDP real rates of growth (percent),5.0
800,GDP,Uganda,2017,2.64,GDP real rates of growth (percent),5.0
804,Government Expenditure,Ukraine,2005,13.74,GDP real rates of growth (percent),3.1
804,GDP,Ukraine,2005,6.06,GDP real rates of growth (percent),3.1
804,Government Expenditure,Ukraine,2016,12.35,GDP real rates of growth (percent),2.4
804,GDP,Ukraine,2016,5.01,GDP real rates of growth (percent),2.4
826,Government Expenditure,United Kingdom,2005,13.17,GDP real rates of growth (percent),3.1
826,GDP,United Kingdom,2005,4.98,GDP real rates of growth (percent),3.1
826,Government Expenditure,United Kingdom,2010,13.03,GDP real rates of growth (percent),1.7
826,GDP,United Kingdom,2010,5.77,GDP real rates of growth (percent),1.7
826,Government Expenditure,United Kingdom,2016,13.92,GDP real rates of growth (percent),1.8
826,GDP,United Kingdom,2016,5.54,GDP real rates of growth (percent),1.8
834,Government Expenditure,United Rep. of Tanzania,2005,18.14,GDP real rates of growth (percent),7.4
834,GDP,United Rep. of Tanzania,2005,4.61,GDP real rates of growth (percent),7.4
834,Government Expenditure,United Rep. of Tanzania,2010,19.65,GDP real rates of growth (percent),6.4
834,GDP,United Rep. of Tanzania,2010,4.62,GDP real rates of growth (percent),6.4
840,Government Expenditure,United States of America,2010,13.15,GDP real rates of growth (percent),2.6
840,GDP,United States of America,2010,5.42,GDP real rates of growth (percent),2.6
858,Government Expenditure,Uruguay,2005,9.44,GDP real rates of growth (percent),7.5
858,GDP,Uruguay,2005,2.71,GDP real rates of growth (percent),7.5
860,Government Expenditure,Uzbekistan,2017,19.96,GDP real rates of growth (percent),5.2
860,GDP,Uzbekistan,2017,6.41,GDP real rates of growth (percent),5.2
548,Government Expenditure,Vanuatu,2017,11.78,GDP real rates of growth (percent),3.5
548,GDP,Vanuatu,2017,4.7,GDP real rates of growth (percent),3.5
704,Government Expenditure,Viet Nam,2010,17.11,GDP real rates of growth (percent),6.4
704,GDP,Viet Nam,2010,5.14,GDP real rates of growth (percent),6.4
894,Government Expenditure,Zambia,2005,7.73,GDP real rates of growth (percent),7.2
894,GDP,Zambia,2005,1.74,GDP real rates of growth (percent),7.2
716,Government Expenditure,Zimbabwe,2010,8.72,GDP real rates of growth (percent),12.6
716,GDP,Zimbabwe,2010,1.83,GDP real rates of growth (percent),12.6
