Country ID,Source Data,Country Name,Year,GDP
2,Per Capita,Africa,1985,937.0
2,Per Capita,Africa,1995,807.0
2,Per Capita,Africa,2005,1222.0
2,Per Capita,Africa,2010,1877.0
2,Per Capita,Africa,2015,1923.0
2,Per Capita,Africa,2016,1748.0
2,Per Capita,Africa,2017,1766.0
15,Per Capita,Northern Africa,1985,1103.0
15,Per Capita,Northern Africa,1995,1270.0
15,Per Capita,Northern Africa,2005,1908.0
15,Per Capita,Northern Africa,2010,3182.0
15,Per Capita,Northern Africa,2015,3245.0
15,Per Capita,Northern Africa,2016,2983.0
15,Per Capita,Northern Africa,2017,2823.0
202,Per Capita,Sub-Saharan Africa,1985,886.0
202,Per Capita,Sub-Saharan Africa,1995,671.0
202,Per Capita,Sub-Saharan Africa,2005,1038.0
202,Per Capita,Sub-Saharan Africa,2010,1561.0
202,Per Capita,Sub-Saharan Africa,2015,1617.0
202,Per Capita,Sub-Saharan Africa,2016,1464.0
202,Per Capita,Sub-Saharan Africa,2017,1525.0
14,Per Capita,Eastern Africa,1985,388.0
14,Per Capita,Eastern Africa,1995,309.0
14,Per Capita,Eastern Africa,2005,382.0
14,Per Capita,Eastern Africa,2010,620.0
14,Per Capita,Eastern Africa,2015,791.0
14,Per Capita,Eastern Africa,2016,785.0
14,Per Capita,Eastern Africa,2017,834.0
17,Per Capita,Middle Africa,1985,572.0
17,Per Capita,Middle Africa,1995,429.0
17,Per Capita,Middle Africa,2005,889.0
17,Per Capita,Middle Africa,2010,1439.0
17,Per Capita,Middle Africa,2015,1544.0
17,Per Capita,Middle Africa,2016,1403.0
17,Per Capita,Middle Africa,2017,1533.0
18,Per Capita,Southern Africa,1985,1645.0
18,Per Capita,Southern Africa,1995,3518.0
18,Per Capita,Southern Africa,2005,5013.0
18,Per Capita,Southern Africa,2010,6884.0
18,Per Capita,Southern Africa,2015,5521.0
18,Per Capita,Southern Africa,2016,5113.0
18,Per Capita,Southern Africa,2017,5934.0
11,Per Capita,Western Africa,1985,1346.0
11,Per Capita,Western Africa,1995,494.0
11,Per Capita,Western Africa,2005,987.0
11,Per Capita,Western Africa,2010,1651.0
11,Per Capita,Western Africa,2015,1879.0
11,Per Capita,Western Africa,2016,1612.0
11,Per Capita,Western Africa,2017,1532.0
19,Per Capita,Americas,1985,8185.0
19,Per Capita,Americas,1995,13078.0
19,Per Capita,Americas,2005,19223.0
19,Per Capita,Americas,2010,23370.0
19,Per Capita,Americas,2015,25590.0
19,Per Capita,Americas,2016,25584.0
19,Per Capita,Americas,2017,26748.0
21,Per Capita,Northern America,1985,17637.0
21,Per Capita,Northern America,1995,27948.0
21,Per Capita,Northern America,2005,43392.0
21,Per Capita,Northern America,2010,48447.0
21,Per Capita,Northern America,2015,55563.0
21,Per Capita,Northern America,2016,56452.0
21,Per Capita,Northern America,2017,58531.0
419,Per Capita,Latin America & the Caribbean,1985,1945.0
419,Per Capita,Latin America & the Caribbean,1995,4046.0
419,Per Capita,Latin America & the Caribbean,2005,5098.0
419,Per Capita,Latin America & the Caribbean,2010,8950.0
419,Per Capita,Latin America & the Caribbean,2015,8684.0
419,Per Capita,Latin America & the Caribbean,2016,8230.0
419,Per Capita,Latin America & the Caribbean,2017,8931.0
29,Per Capita,Caribbean,1985,2222.0
29,Per Capita,Caribbean,1995,3369.0
29,Per Capita,Caribbean,2005,5654.0
29,Per Capita,Caribbean,2010,7089.0
29,Per Capita,Caribbean,2015,8055.0
29,Per Capita,Caribbean,2016,8137.0
29,Per Capita,Caribbean,2017,8262.0
13,Per Capita,Central America,1985,2496.0
13,Per Capita,Central America,1995,3250.0
13,Per Capita,Central America,2005,6560.0
13,Per Capita,Central America,2010,7538.0
13,Per Capita,Central America,2015,8121.0
13,Per Capita,Central America,2016,7554.0
13,Per Capita,Central America,2017,7990.0
5,Per Capita,South America,1985,1701.0
5,Per Capita,South America,1995,4433.0
5,Per Capita,South America,2005,4460.0
5,Per Capita,South America,2010,9716.0
5,Per Capita,South America,2015,8981.0
5,Per Capita,South America,2016,8521.0
5,Per Capita,South America,2017,9393.0
142,Per Capita,Asia,1985,1010.0
142,Per Capita,Asia,1995,2636.0
142,Per Capita,Asia,2005,3113.0
142,Per Capita,Asia,2010,4982.0
142,Per Capita,Asia,2015,6018.0
142,Per Capita,Asia,2016,6177.0
142,Per Capita,Asia,2017,6545.0
143,Per Capita,Central Asia,1995,729.0
143,Per Capita,Central Asia,2005,1540.0
143,Per Capita,Central Asia,2010,3493.0
143,Per Capita,Central Asia,2015,4394.0
143,Per Capita,Central Asia,2016,3649.0
143,Per Capita,Central Asia,2017,3694.0
30,Per Capita,Eastern Asia,1985,1506.0
30,Per Capita,Eastern Asia,1995,4904.0
30,Per Capita,Eastern Asia,2005,5483.0
30,Per Capita,Eastern Asia,2010,8535.0
30,Per Capita,Eastern Asia,2015,10857.0
30,Per Capita,Eastern Asia,2016,11256.0
30,Per Capita,Eastern Asia,2017,11914.0
35,Per Capita,South-eastern Asia,1985,609.0
35,Per Capita,South-eastern Asia,1995,1449.0
35,Per Capita,South-eastern Asia,2005,1707.0
35,Per Capita,South-eastern Asia,2010,3316.0
35,Per Capita,South-eastern Asia,2015,3876.0
35,Per Capita,South-eastern Asia,2016,4012.0
35,Per Capita,South-eastern Asia,2017,4266.0
34,Per Capita,Southern Asia,1985,349.0
34,Per Capita,Southern Asia,1995,467.0
34,Per Capita,Southern Asia,2005,802.0
34,Per Capita,Southern Asia,2010,1491.0
34,Per Capita,Southern Asia,2015,1716.0
34,Per Capita,Southern Asia,2016,1800.0
34,Per Capita,Southern Asia,2017,1994.0
145,Per Capita,Western Asia,1985,2967.0
145,Per Capita,Western Asia,1995,3959.0
145,Per Capita,Western Asia,2005,7273.0
145,Per Capita,Western Asia,2010,10881.0
145,Per Capita,Western Asia,2015,11469.0
145,Per Capita,Western Asia,2016,11161.0
145,Per Capita,Western Asia,2017,11550.0
150,Per Capita,Europe,1985,5732.0
150,Per Capita,Europe,1995,14557.0
150,Per Capita,Europe,2005,22012.0
150,Per Capita,Europe,2010,26868.0
150,Per Capita,Europe,2015,25763.0
150,Per Capita,Europe,2016,25705.0
150,Per Capita,Europe,2017,27222.0
151,Per Capita,Eastern Europe,1985,3023.0
151,Per Capita,Eastern Europe,1995,2549.0
151,Per Capita,Eastern Europe,2005,5474.0
151,Per Capita,Eastern Europe,2010,9722.0
151,Per Capita,Eastern Europe,2015,8954.0
151,Per Capita,Eastern Europe,2016,8729.0
151,Per Capita,Eastern Europe,2017,10257.0
154,Per Capita,Northern Europe,1985,9783.0
154,Per Capita,Northern Europe,1995,23267.0
154,Per Capita,Northern Europe,2005,41391.0
154,Per Capita,Northern Europe,2010,42559.0
154,Per Capita,Northern Europe,2015,45873.0
154,Per Capita,Northern Europe,2016,43648.0
154,Per Capita,Northern Europe,2017,44352.0
39,Per Capita,Southern Europe,1985,5514.0
39,Per Capita,Southern Europe,1995,14667.0
39,Per Capita,Southern Europe,2005,23983.0
39,Per Capita,Southern Europe,2010,27967.0
39,Per Capita,Southern Europe,2015,23754.0
39,Per Capita,Southern Europe,2016,24261.0
39,Per Capita,Southern Europe,2017,25490.0
155,Per Capita,Western Europe,1985,9784.0
155,Per Capita,Western Europe,1995,30415.0
155,Per Capita,Western Europe,2005,36699.0
155,Per Capita,Western Europe,2010,44254.0
155,Per Capita,Western Europe,2015,42072.0
155,Per Capita,Western Europe,2016,42823.0
155,Per Capita,Western Europe,2017,44828.0
9,Per Capita,Oceania,1985,8673.0
9,Per Capita,Oceania,1995,16369.0
9,Per Capita,Oceania,2005,27046.0
9,Per Capita,Oceania,2010,40723.0
9,Per Capita,Oceania,2015,37450.0
9,Per Capita,Oceania,2016,38608.0
9,Per Capita,Oceania,2017,41037.0
53,Per Capita,Australia and New Zealand,1985,10860.0
53,Per Capita,Australia and New Zealand,1995,20883.0
53,Per Capita,Australia and New Zealand,2005,35903.0
53,Per Capita,Australia and New Zealand,2010,54505.0
53,Per Capita,Australia and New Zealand,2015,50116.0
53,Per Capita,Australia and New Zealand,2016,51839.0
53,Per Capita,Australia and New Zealand,2017,55244.0
54,Per Capita,Melanesia,1985,1179.0
54,Per Capita,Melanesia,1995,2118.0
54,Per Capita,Melanesia,2005,2156.0
54,Per Capita,Melanesia,2010,3135.0
54,Per Capita,Melanesia,2015,3857.0
54,Per Capita,Melanesia,2016,3697.0
54,Per Capita,Melanesia,2017,3764.0
57,Per Capita,Micronesia,1985,1222.0
57,Per Capita,Micronesia,1995,2066.0
57,Per Capita,Micronesia,2005,2560.0
57,Per Capita,Micronesia,2010,2983.0
57,Per Capita,Micronesia,2015,3461.0
57,Per Capita,Micronesia,2016,3643.0
57,Per Capita,Micronesia,2017,3695.0
61,Per Capita,Polynesia,1985,4184.0
61,Per Capita,Polynesia,1995,9689.0
61,Per Capita,Polynesia,2005,11674.0
61,Per Capita,Polynesia,2010,12636.0
61,Per Capita,Polynesia,2015,11148.0
61,Per Capita,Polynesia,2016,11325.0
61,Per Capita,Polynesia,2017,11754.0
4,Per Capita,Afghanistan,1985,282.0
4,Per Capita,Afghanistan,1995,189.0
4,Per Capita,Afghanistan,2005,264.0
4,Per Capita,Afghanistan,2010,558.0
4,Per Capita,Afghanistan,2015,611.0
4,Per Capita,Afghanistan,2016,584.0
4,Per Capita,Afghanistan,2017,619.0
8,Per Capita,Albania,1985,783.0
8,Per Capita,Albania,1995,770.0
8,Per Capita,Albania,2005,2615.0
8,Per Capita,Albania,2010,4056.0
8,Per Capita,Albania,2015,3895.0
8,Per Capita,Albania,2016,4061.0
8,Per Capita,Albania,2017,4450.0
12,Per Capita,Algeria,1985,2564.0
12,Per Capita,Algeria,1995,1452.0
12,Per Capita,Algeria,2005,3100.0
12,Per Capita,Algeria,2010,4463.0
12,Per Capita,Algeria,2015,4163.0
12,Per Capita,Algeria,2016,3943.0
12,Per Capita,Algeria,2017,4055.0
20,Per Capita,Andorra,1985,9837.0
20,Per Capita,Andorra,1995,23359.0
20,Per Capita,Andorra,2005,41281.0
20,Per Capita,Andorra,2010,39734.0
20,Per Capita,Andorra,2015,36040.0
20,Per Capita,Andorra,2016,37230.0
20,Per Capita,Andorra,2017,39153.0
24,Per Capita,Angola,1985,859.0
24,Per Capita,Angola,1995,466.0
24,Per Capita,Angola,2005,1891.0
24,Per Capita,Angola,2010,3586.0
24,Per Capita,Angola,2015,4171.0
24,Per Capita,Angola,2016,3510.0
24,Per Capita,Angola,2017,4247.0
660,Per Capita,Anguilla,1985,4072.0
660,Per Capita,Anguilla,1995,10583.0
660,Per Capita,Anguilla,2005,18129.0
660,Per Capita,Anguilla,2010,19459.0
660,Per Capita,Anguilla,2015,22622.0
660,Per Capita,Anguilla,2016,21480.0
660,Per Capita,Anguilla,2017,18861.0
28,Per Capita,Antigua and Barbuda,1985,3508.0
28,Per Capita,Antigua and Barbuda,1995,7841.0
28,Per Capita,Antigua and Barbuda,2005,11453.0
28,Per Capita,Antigua and Barbuda,2010,12175.0
28,Per Capita,Antigua and Barbuda,2015,13602.0
28,Per Capita,Antigua and Barbuda,2016,14507.0
28,Per Capita,Antigua and Barbuda,2017,14803.0
32,Per Capita,Argentina,1985,3144.0
32,Per Capita,Argentina,1995,7993.0
32,Per Capita,Argentina,2005,5125.0
32,Per Capita,Argentina,2010,10346.0
32,Per Capita,Argentina,2015,14853.0
32,Per Capita,Argentina,2016,12654.0
32,Per Capita,Argentina,2017,14400.0
51,Per Capita,Armenia,1995,426.0
51,Per Capita,Armenia,2005,1753.0
51,Per Capita,Armenia,2010,3432.0
51,Per Capita,Armenia,2015,3618.0
51,Per Capita,Armenia,2016,3606.0
51,Per Capita,Armenia,2017,3937.0
533,Per Capita,Aruba,1985,6108.0
533,Per Capita,Aruba,1995,16442.0
533,Per Capita,Aruba,2005,23303.0
533,Per Capita,Aruba,2010,23513.0
533,Per Capita,Aruba,2015,25796.0
533,Per Capita,Aruba,2016,25252.0
533,Per Capita,Aruba,2017,25655.0
36,Per Capita,Australia,1985,11584.0
36,Per Capita,Australia,1995,21635.0
36,Per Capita,Australia,2005,37571.0
36,Per Capita,Australia,2010,58646.0
36,Per Capita,Australia,2015,52388.0
36,Per Capita,Australia,2016,54067.0
36,Per Capita,Australia,2017,57613.0
40,Per Capita,Austria,1985,9112.0
40,Per Capita,Austria,1995,30169.0
40,Per Capita,Austria,2005,38282.0
40,Per Capita,Austria,2010,46599.0
40,Per Capita,Austria,2015,43994.0
40,Per Capita,Austria,2016,45230.0
40,Per Capita,Austria,2017,47718.0
31,Per Capita,Azerbaijan,1995,396.0
31,Per Capita,Azerbaijan,2005,1551.0
31,Per Capita,Azerbaijan,2010,5857.0
31,Per Capita,Azerbaijan,2015,5519.0
31,Per Capita,Azerbaijan,2016,3894.0
31,Per Capita,Azerbaijan,2017,4146.0
44,Per Capita,Bahamas,1985,12271.0
44,Per Capita,Bahamas,1995,18264.0
44,Per Capita,Bahamas,2005,29875.0
44,Per Capita,Bahamas,2010,27979.0
44,Per Capita,Bahamas,2015,29056.0
44,Per Capita,Bahamas,2016,28786.0
44,Per Capita,Bahamas,2017,29825.0
48,Per Capita,Bahrain,1985,10669.0
48,Per Capita,Bahrain,1995,12040.0
48,Per Capita,Bahrain,2005,17959.0
48,Per Capita,Bahrain,2010,20722.0
48,Per Capita,Bahrain,2015,22689.0
48,Per Capita,Bahrain,2016,22614.0
48,Per Capita,Bahrain,2017,23668.0
50,Per Capita,Bangladesh,1985,206.0
50,Per Capita,Bangladesh,1995,319.0
50,Per Capita,Bangladesh,2005,402.0
50,Per Capita,Bangladesh,2010,753.0
50,Per Capita,Bangladesh,2015,1206.0
50,Per Capita,Bangladesh,2016,1352.0
50,Per Capita,Bangladesh,2017,1492.0
52,Per Capita,Barbados,1985,5569.0
52,Per Capita,Barbados,1995,8585.0
52,Per Capita,Barbados,2005,14223.0
52,Per Capita,Barbados,2010,15613.0
52,Per Capita,Barbados,2015,15704.0
52,Per Capita,Barbados,2016,16043.0
52,Per Capita,Barbados,2017,16494.0
112,Per Capita,Belarus,1995,1412.0
112,Per Capita,Belarus,2005,3246.0
112,Per Capita,Belarus,2010,6042.0
112,Per Capita,Belarus,2015,5952.0
112,Per Capita,Belarus,2016,5034.0
112,Per Capita,Belarus,2017,5750.0
56,Per Capita,Belgium,1985,8746.0
56,Per Capita,Belgium,1995,28427.0
56,Per Capita,Belgium,2005,36727.0
56,Per Capita,Belgium,2010,44205.0
56,Per Capita,Belgium,2015,40383.0
56,Per Capita,Belgium,2016,41356.0
56,Per Capita,Belgium,2017,43289.0
84,Per Capita,Belize,1985,1268.0
84,Per Capita,Belize,1995,2834.0
84,Per Capita,Belize,2005,3933.0
84,Per Capita,Belize,2010,4344.0
84,Per Capita,Belize,2015,4950.0
84,Per Capita,Belize,2016,4960.0
84,Per Capita,Belize,2017,5077.0
204,Per Capita,Benin,1985,264.0
204,Per Capita,Benin,1995,397.0
204,Per Capita,Benin,2005,602.0
204,Per Capita,Benin,2010,758.0
204,Per Capita,Benin,2015,799.0
204,Per Capita,Benin,2016,788.0
204,Per Capita,Benin,2017,826.0
60,Per Capita,Bermuda,1985,24241.0
60,Per Capita,Bermuda,1995,40780.0
60,Per Capita,Bermuda,2005,74745.0
60,Per Capita,Bermuda,2010,91516.0
60,Per Capita,Bermuda,2015,95006.0
60,Per Capita,Bermuda,2016,98809.0
60,Per Capita,Bermuda,2017,102192.0
64,Per Capita,Bhutan,1985,369.0
64,Per Capita,Bhutan,1995,562.0
64,Per Capita,Bhutan,2005,1247.0
64,Per Capita,Bhutan,2010,2179.0
64,Per Capita,Bhutan,2015,2615.0
64,Per Capita,Bhutan,2016,2774.0
64,Per Capita,Bhutan,2017,3173.0
68,Per Capita,Bolivia (Plurin. State of),1985,664.0
68,Per Capita,Bolivia (Plurin. State of),1995,887.0
68,Per Capita,Bolivia (Plurin. State of),2005,1046.0
68,Per Capita,Bolivia (Plurin. State of),2010,1981.0
68,Per Capita,Bolivia (Plurin. State of),2015,3077.0
68,Per Capita,Bolivia (Plurin. State of),2016,3117.0
68,Per Capita,Bolivia (Plurin. State of),2017,3394.0
70,Per Capita,Bosnia and Herzegovina,1995,529.0
70,Per Capita,Bosnia and Herzegovina,2005,2968.0
70,Per Capita,Bosnia and Herzegovina,2010,4615.0
70,Per Capita,Bosnia and Herzegovina,2015,4584.0
70,Per Capita,Bosnia and Herzegovina,2016,4809.0
70,Per Capita,Bosnia and Herzegovina,2017,5181.0
72,Per Capita,Botswana,1985,704.0
72,Per Capita,Botswana,1995,3015.0
72,Per Capita,Botswana,2005,5351.0
72,Per Capita,Botswana,2010,6346.0
72,Per Capita,Botswana,2015,6528.0
72,Per Capita,Botswana,2016,6954.0
72,Per Capita,Botswana,2017,7596.0
76,Per Capita,Brazil,1985,1382.0
76,Per Capita,Brazil,1995,4794.0
76,Per Capita,Brazil,2005,4770.0
76,Per Capita,Brazil,2010,11224.0
76,Per Capita,Brazil,2015,8750.0
76,Per Capita,Brazil,2016,8634.0
76,Per Capita,Brazil,2017,9821.0
92,Per Capita,British Virgin Islands,1985,3396.0
92,Per Capita,British Virgin Islands,1995,21114.0
92,Per Capita,British Virgin Islands,2005,36802.0
92,Per Capita,British Virgin Islands,2010,32183.0
92,Per Capita,British Virgin Islands,2015,31698.0
92,Per Capita,British Virgin Islands,2016,31677.0
92,Per Capita,British Virgin Islands,2017,31917.0
96,Per Capita,Brunei Darussalam,1985,19712.0
96,Per Capita,Brunei Darussalam,1995,17650.0
96,Per Capita,Brunei Darussalam,2005,28923.0
96,Per Capita,Brunei Darussalam,2010,35267.0
96,Per Capita,Brunei Darussalam,2015,30968.0
96,Per Capita,Brunei Darussalam,2016,26939.0
96,Per Capita,Brunei Darussalam,2017,28291.0
100,Per Capita,Bulgaria,1985,1837.0
100,Per Capita,Bulgaria,1995,1723.0
100,Per Capita,Bulgaria,2005,3857.0
100,Per Capita,Bulgaria,2010,6835.0
100,Per Capita,Bulgaria,2015,6994.0
100,Per Capita,Bulgaria,2016,7465.0
100,Per Capita,Bulgaria,2017,8218.0
854,Per Capita,Burkina Faso,1985,203.0
854,Per Capita,Burkina Faso,1995,238.0
854,Per Capita,Burkina Faso,2005,407.0
854,Per Capita,Burkina Faso,2010,575.0
854,Per Capita,Burkina Faso,2015,575.0
854,Per Capita,Burkina Faso,2016,583.0
854,Per Capita,Burkina Faso,2017,642.0
108,Per Capita,Burundi,1985,249.0
108,Per Capita,Burundi,1995,168.0
108,Per Capita,Burundi,2005,150.0
108,Per Capita,Burundi,2010,232.0
108,Per Capita,Burundi,2015,276.0
108,Per Capita,Burundi,2016,277.0
108,Per Capita,Burundi,2017,290.0
132,Per Capita,Cabo Verde,1985,497.0
132,Per Capita,Cabo Verde,1995,1434.0
132,Per Capita,Cabo Verde,2005,2329.0
132,Per Capita,Cabo Verde,2010,3313.0
132,Per Capita,Cabo Verde,2015,2995.0
132,Per Capita,Cabo Verde,2016,3082.0
132,Per Capita,Cabo Verde,2017,3245.0
116,Per Capita,Cambodia,1985,137.0
116,Per Capita,Cambodia,1995,311.0
116,Per Capita,Cambodia,2005,474.0
116,Per Capita,Cambodia,2010,786.0
116,Per Capita,Cambodia,2015,1163.0
116,Per Capita,Cambodia,2016,1270.0
116,Per Capita,Cambodia,2017,1382.0
120,Per Capita,Cameroon,1985,955.0
120,Per Capita,Cameroon,1995,716.0
120,Per Capita,Cameroon,2005,1030.0
120,Per Capita,Cameroon,2010,1309.0
120,Per Capita,Cameroon,2015,1353.0
120,Per Capita,Cameroon,2016,1392.0
120,Per Capita,Cameroon,2017,1452.0
124,Per Capita,Canada,1985,14098.0
124,Per Capita,Canada,1995,20594.0
124,Per Capita,Canada,2005,36218.0
124,Per Capita,Canada,2010,47221.0
124,Per Capita,Canada,2015,43186.0
124,Per Capita,Canada,2016,42077.0
124,Per Capita,Canada,2017,44974.0
136,Per Capita,Cayman Islands,1985,21544.0
136,Per Capita,Cayman Islands,1995,40930.0
136,Per Capita,Cayman Islands,2005,62559.0
136,Per Capita,Cayman Islands,2010,58859.0
136,Per Capita,Cayman Islands,2015,62592.0
136,Per Capita,Cayman Islands,2016,64179.0
136,Per Capita,Cayman Islands,2017,65472.0
140,Per Capita,Central African Republic,1985,344.0
140,Per Capita,Central African Republic,1995,348.0
140,Per Capita,Central African Republic,2005,342.0
140,Per Capita,Central African Republic,2010,457.0
140,Per Capita,Central African Republic,2015,359.0
140,Per Capita,Central African Republic,2016,394.0
140,Per Capita,Central African Republic,2017,428.0
148,Per Capita,Chad,1985,194.0
148,Per Capita,Chad,1995,235.0
148,Per Capita,Chad,2005,664.0
148,Per Capita,Chad,2010,923.0
148,Per Capita,Chad,2015,838.0
148,Per Capita,Chad,2016,758.0
148,Per Capita,Chad,2017,719.0
152,Per Capita,Chile,1985,1559.0
152,Per Capita,Chile,1995,5253.0
152,Per Capita,Chile,2005,7615.0
152,Per Capita,Chile,2010,12860.0
152,Per Capita,Chile,2015,13737.0
152,Per Capita,Chile,2016,13961.0
152,Per Capita,Chile,2017,15347.0
156,Per Capita,China,1985,289.0
156,Per Capita,China,1995,592.0
156,Per Capita,China,2005,1730.0
156,Per Capita,China,2010,4487.0
156,Per Capita,China,2015,7920.0
156,Per Capita,China,2016,7974.0
156,Per Capita,China,2017,8682.0
344,Per Capita,"China, Hong Kong SAR",1985,6688.0
344,Per Capita,"China, Hong Kong SAR",1995,23559.0
344,Per Capita,"China, Hong Kong SAR",2005,26593.0
344,Per Capita,"China, Hong Kong SAR",2010,32545.0
344,Per Capita,"China, Hong Kong SAR",2015,42699.0
344,Per Capita,"China, Hong Kong SAR",2016,43938.0
344,Per Capita,"China, Hong Kong SAR",2017,46390.0
446,Per Capita,"China, Macao SAR",1985,4756.0
446,Per Capita,"China, Macao SAR",1995,18139.0
446,Per Capita,"China, Macao SAR",2005,25059.0
446,Per Capita,"China, Macao SAR",2010,52375.0
446,Per Capita,"China, Macao SAR",2015,75485.0
446,Per Capita,"China, Macao SAR",2016,74018.0
446,Per Capita,"China, Macao SAR",2017,80893.0
170,Per Capita,Colombia,1985,1590.0
170,Per Capita,Colombia,1995,2946.0
170,Per Capita,Colombia,2005,3386.0
170,Per Capita,Colombia,2010,6251.0
170,Per Capita,Colombia,2015,6045.0
170,Per Capita,Colombia,2016,5757.0
170,Per Capita,Colombia,2017,6302.0
174,Per Capita,Comoros,1985,675.0
174,Per Capita,Comoros,1995,1016.0
174,Per Capita,Comoros,2005,1287.0
174,Per Capita,Comoros,2010,1315.0
174,Per Capita,Comoros,2015,1271.0
174,Per Capita,Comoros,2016,1283.0
174,Per Capita,Comoros,2017,1330.0
178,Per Capita,Congo,1985,1099.0
178,Per Capita,Congo,1995,789.0
178,Per Capita,Congo,2005,1708.0
178,Per Capita,Congo,2010,3118.0
178,Per Capita,Congo,2015,2220.0
178,Per Capita,Congo,2016,1970.0
178,Per Capita,Congo,2017,2147.0
184,Per Capita,Cook Islands,1985,1591.0
184,Per Capita,Cook Islands,1995,5588.0
184,Per Capita,Cook Islands,2005,9262.0
184,Per Capita,Cook Islands,2010,13758.0
184,Per Capita,Cook Islands,2015,16350.0
184,Per Capita,Cook Islands,2016,16572.0
184,Per Capita,Cook Islands,2017,17798.0
188,Per Capita,Costa Rica,1985,1827.0
188,Per Capita,Costa Rica,1995,3278.0
188,Per Capita,Costa Rica,2005,4697.0
188,Per Capita,Costa Rica,2010,8199.0
188,Per Capita,Costa Rica,2015,11393.0
188,Per Capita,Costa Rica,2016,11733.0
188,Per Capita,Costa Rica,2017,11734.0
384,Per Capita,Côte dIvoire,1985,683.0
384,Per Capita,Côte dIvoire,1995,764.0
384,Per Capita,Côte dIvoire,2005,932.0
384,Per Capita,Côte dIvoire,2010,1220.0
384,Per Capita,Côte dIvoire,2015,1433.0
384,Per Capita,Côte dIvoire,2016,1489.0
384,Per Capita,Côte dIvoire,2017,1566.0
191,Per Capita,Croatia,1995,4849.0
191,Per Capita,Croatia,2005,10358.0
191,Per Capita,Croatia,2010,13832.0
191,Per Capita,Croatia,2015,11690.0
191,Per Capita,Croatia,2016,12253.0
191,Per Capita,Croatia,2017,13177.0
192,Per Capita,Cuba,1985,2273.0
192,Per Capita,Cuba,1995,2790.0
192,Per Capita,Cuba,2005,3779.0
192,Per Capita,Cuba,2010,5676.0
192,Per Capita,Cuba,2015,7609.0
192,Per Capita,Cuba,2016,7962.0
192,Per Capita,Cuba,2017,8433.0
531,Per Capita,Curaçao,2005,18120.0
531,Per Capita,Curaçao,2010,19994.0
531,Per Capita,Curaçao,2015,19948.0
531,Per Capita,Curaçao,2016,19591.0
196,Per Capita,Cyprus,1985,4957.0
196,Per Capita,Cyprus,1995,15102.0
196,Per Capita,Cyprus,2005,25682.0
196,Per Capita,Cyprus,2010,30817.0
196,Per Capita,Cyprus,2015,23236.0
196,Per Capita,Cyprus,2016,24110.0
196,Per Capita,Cyprus,2017,25790.0
203,Per Capita,Czechia,1995,5771.0
203,Per Capita,Czechia,2005,13285.0
203,Per Capita,Czechia,2010,19692.0
203,Per Capita,Czechia,2015,17619.0
203,Per Capita,Czechia,2016,18386.0
203,Per Capita,Czechia,2017,20326.0
408,Per Capita,Dem. People's Rep. Korea,1985,722.0
408,Per Capita,Dem. People's Rep. Korea,1995,222.0
408,Per Capita,Dem. People's Rep. Korea,2005,548.0
408,Per Capita,Dem. People's Rep. Korea,2010,570.0
408,Per Capita,Dem. People's Rep. Korea,2015,648.0
408,Per Capita,Dem. People's Rep. Korea,2016,665.0
408,Per Capita,Dem. People's Rep. Korea,2017,685.0
180,Per Capita,Dem. Rep. of the Congo,1985,252.0
180,Per Capita,Dem. Rep. of the Congo,1995,215.0
180,Per Capita,Dem. Rep. of the Congo,2005,219.0
180,Per Capita,Dem. Rep. of the Congo,2010,334.0
180,Per Capita,Dem. Rep. of the Congo,2015,498.0
180,Per Capita,Dem. Rep. of the Congo,2016,512.0
180,Per Capita,Dem. Rep. of the Congo,2017,463.0
208,Per Capita,Denmark,1985,12252.0
208,Per Capita,Denmark,1995,35356.0
208,Per Capita,Denmark,2005,48779.0
208,Per Capita,Denmark,2010,57967.0
208,Per Capita,Denmark,2015,53206.0
208,Per Capita,Denmark,2016,54621.0
208,Per Capita,Denmark,2017,57533.0
262,Per Capita,Djibouti,1985,846.0
262,Per Capita,Djibouti,1995,788.0
262,Per Capita,Djibouti,2005,861.0
262,Per Capita,Djibouti,2010,1192.0
262,Per Capita,Djibouti,2015,1762.0
262,Per Capita,Djibouti,2016,1872.0
262,Per Capita,Djibouti,2017,1928.0
212,Per Capita,Dominica,1985,1586.0
212,Per Capita,Dominica,1995,3639.0
212,Per Capita,Dominica,2005,5245.0
212,Per Capita,Dominica,2010,6912.0
212,Per Capita,Dominica,2015,7392.0
212,Per Capita,Dominica,2016,7825.0
212,Per Capita,Dominica,2017,6719.0
214,Per Capita,Dominican Republic,1985,866.0
214,Per Capita,Dominican Republic,1995,1995.0
214,Per Capita,Dominican Republic,2005,3844.0
214,Per Capita,Dominican Republic,2010,5371.0
214,Per Capita,Dominican Republic,2015,6535.0
214,Per Capita,Dominican Republic,2016,6794.0
214,Per Capita,Dominican Republic,2017,7052.0
218,Per Capita,Ecuador,1985,1895.0
218,Per Capita,Ecuador,1995,2135.0
218,Per Capita,Ecuador,2005,3022.0
218,Per Capita,Ecuador,2010,4657.0
218,Per Capita,Ecuador,2015,6150.0
218,Per Capita,Ecuador,2016,6019.0
218,Per Capita,Ecuador,2017,6273.0
818,Per Capita,Egypt,1985,474.0
818,Per Capita,Egypt,1995,1032.0
818,Per Capita,Egypt,2005,1230.0
818,Per Capita,Egypt,2010,2552.0
818,Per Capita,Egypt,2015,3388.0
818,Per Capita,Egypt,2016,2824.0
818,Per Capita,Egypt,2017,2000.0
222,Per Capita,El Salvador,1985,1053.0
222,Per Capita,El Salvador,1995,1590.0
222,Per Capita,El Salvador,2005,2438.0
222,Per Capita,El Salvador,2010,2993.0
222,Per Capita,El Salvador,2015,3670.0
222,Per Capita,El Salvador,2016,3769.0
222,Per Capita,El Salvador,2017,3889.0
226,Per Capita,Equatorial Guinea,1985,246.0
226,Per Capita,Equatorial Guinea,1995,427.0
226,Per Capita,Equatorial Guinea,2005,11250.0
226,Per Capita,Equatorial Guinea,2010,17136.0
226,Per Capita,Equatorial Guinea,2015,11209.0
226,Per Capita,Equatorial Guinea,2016,9213.0
226,Per Capita,Equatorial Guinea,2017,9850.0
232,Per Capita,Eritrea,1995,207.0
232,Per Capita,Eritrea,2005,277.0
232,Per Capita,Eritrea,2010,482.0
232,Per Capita,Eritrea,2015,916.0
232,Per Capita,Eritrea,2016,1010.0
232,Per Capita,Eritrea,2017,1147.0
233,Per Capita,Estonia,1995,3086.0
233,Per Capita,Estonia,2005,10330.0
233,Per Capita,Estonia,2010,14640.0
233,Per Capita,Estonia,2015,17157.0
233,Per Capita,Estonia,2016,17782.0
233,Per Capita,Estonia,2017,19793.0
748,Per Capita,Eswatini,1985,764.0
748,Per Capita,Eswatini,1995,1979.0
748,Per Capita,Eswatini,2005,2874.0
748,Per Capita,Eswatini,2010,3690.0
748,Per Capita,Eswatini,2015,3048.0
748,Per Capita,Eswatini,2016,2770.0
748,Per Capita,Eswatini,2017,3224.0
231,Per Capita,Ethiopia,1995,132.0
231,Per Capita,Ethiopia,2005,159.0
231,Per Capita,Ethiopia,2010,300.0
231,Per Capita,Ethiopia,2015,632.0
231,Per Capita,Ethiopia,2016,687.0
231,Per Capita,Ethiopia,2017,720.0
242,Per Capita,Fiji,1985,1605.0
242,Per Capita,Fiji,1995,2570.0
242,Per Capita,Fiji,2005,3627.0
242,Per Capita,Fiji,2010,3652.0
242,Per Capita,Fiji,2015,4890.0
242,Per Capita,Fiji,2016,5090.0
242,Per Capita,Fiji,2017,5382.0
246,Per Capita,Finland,1985,11385.0
246,Per Capita,Finland,1995,26215.0
246,Per Capita,Finland,2005,38873.0
246,Per Capita,Finland,2010,46181.0
246,Per Capita,Finland,2015,42405.0
246,Per Capita,Finland,2016,43439.0
246,Per Capita,Finland,2017,45670.0
250,Per Capita,France,1985,9737.0
250,Per Capita,France,1995,26707.0
250,Per Capita,France,2005,34724.0
250,Per Capita,France,2010,40565.0
250,Per Capita,France,2015,36574.0
250,Per Capita,France,2016,36822.0
250,Per Capita,France,2017,38415.0
258,Per Capita,French Polynesia,1985,9795.0
258,Per Capita,French Polynesia,1995,20542.0
258,Per Capita,French Polynesia,2005,22374.0
258,Per Capita,French Polynesia,2010,22704.0
258,Per Capita,French Polynesia,2015,18950.0
258,Per Capita,French Polynesia,2016,19156.0
258,Per Capita,French Polynesia,2017,19807.0
266,Per Capita,Gabon,1985,5589.0
266,Per Capita,Gabon,1995,5081.0
266,Per Capita,Gabon,2005,6827.0
266,Per Capita,Gabon,2010,8754.0
266,Per Capita,Gabon,2015,7446.0
266,Per Capita,Gabon,2016,7068.0
266,Per Capita,Gabon,2017,7221.0
270,Per Capita,Gambia,1985,1352.0
270,Per Capita,Gambia,1995,1115.0
270,Per Capita,Gambia,2005,654.0
270,Per Capita,Gambia,2010,851.0
270,Per Capita,Gambia,2015,705.0
270,Per Capita,Gambia,2016,708.0
270,Per Capita,Gambia,2017,709.0
268,Per Capita,Georgia,1995,539.0
268,Per Capita,Georgia,2005,1429.0
268,Per Capita,Georgia,2010,2750.0
268,Per Capita,Georgia,2015,3541.0
268,Per Capita,Georgia,2016,3663.0
268,Per Capita,Georgia,2017,3875.0
276,Per Capita,Germany,1985,9390.0
276,Per Capita,Germany,1995,31898.0
276,Per Capita,Germany,2005,35035.0
276,Per Capita,Germany,2010,42241.0
276,Per Capita,Germany,2015,41384.0
276,Per Capita,Germany,2016,42668.0
276,Per Capita,Germany,2017,44976.0
288,Per Capita,Ghana,1985,688.0
288,Per Capita,Ghana,1995,818.0
288,Per Capita,Ghana,2005,1057.0
288,Per Capita,Ghana,2010,1737.0
288,Per Capita,Ghana,2015,1783.0
288,Per Capita,Ghana,2016,1950.0
288,Per Capita,Ghana,2017,2046.0
300,Per Capita,Greece,1985,4794.0
300,Per Capita,Greece,1995,12687.0
300,Per Capita,Greece,2005,21925.0
300,Per Capita,Greece,2010,26154.0
300,Per Capita,Greece,2015,17525.0
300,Per Capita,Greece,2016,17456.0
300,Per Capita,Greece,2017,18198.0
304,Per Capita,Greenland,1985,8482.0
304,Per Capita,Greenland,1995,23671.0
304,Per Capita,Greenland,2005,32481.0
304,Per Capita,Greenland,2010,44196.0
304,Per Capita,Greenland,2015,44329.0
304,Per Capita,Greenland,2016,48102.0
304,Per Capita,Greenland,2017,49398.0
308,Per Capita,Grenada,1985,1359.0
308,Per Capita,Grenada,1995,2775.0
308,Per Capita,Grenada,2005,6755.0
308,Per Capita,Grenada,2010,7366.0
308,Per Capita,Grenada,2015,9333.0
308,Per Capita,Grenada,2016,9892.0
308,Per Capita,Grenada,2017,10451.0
320,Per Capita,Guatemala,1985,1210.0
320,Per Capita,Guatemala,1995,1255.0
320,Per Capita,Guatemala,2005,2078.0
320,Per Capita,Guatemala,2010,2825.0
320,Per Capita,Guatemala,2015,3924.0
320,Per Capita,Guatemala,2016,4141.0
320,Per Capita,Guatemala,2017,4471.0
324,Per Capita,Guinea,1985,560.0
324,Per Capita,Guinea,1995,668.0
324,Per Capita,Guinea,2005,420.0
324,Per Capita,Guinea,2010,635.0
324,Per Capita,Guinea,2015,727.0
324,Per Capita,Guinea,2016,701.0
324,Per Capita,Guinea,2017,803.0
624,Per Capita,Guinea-Bissau,1985,462.0
624,Per Capita,Guinea-Bissau,1995,703.0
624,Per Capita,Guinea-Bissau,2005,425.0
624,Per Capita,Guinea-Bissau,2010,546.0
624,Per Capita,Guinea-Bissau,2015,592.0
624,Per Capita,Guinea-Bissau,2016,649.0
624,Per Capita,Guinea-Bissau,2017,724.0
328,Per Capita,Guyana,1985,956.0
328,Per Capita,Guyana,1995,1302.0
328,Per Capita,Guyana,2005,1752.0
328,Per Capita,Guyana,2010,3026.0
328,Per Capita,Guyana,2015,4120.0
328,Per Capita,Guyana,2016,4531.0
328,Per Capita,Guyana,2017,4555.0
332,Per Capita,Haiti,1985,417.0
332,Per Capita,Haiti,1995,345.0
332,Per Capita,Haiti,2005,448.0
332,Per Capita,Haiti,2010,671.0
332,Per Capita,Haiti,2015,780.0
332,Per Capita,Haiti,2016,700.0
332,Per Capita,Haiti,2017,776.0
340,Per Capita,Honduras,1985,1014.0
340,Per Capita,Honduras,1995,828.0
340,Per Capita,Honduras,2005,1323.0
340,Per Capita,Honduras,2010,1933.0
340,Per Capita,Honduras,2015,2341.0
340,Per Capita,Honduras,2016,2375.0
340,Per Capita,Honduras,2017,2480.0
348,Per Capita,Hungary,1985,2244.0
348,Per Capita,Hungary,1995,4486.0
348,Per Capita,Hungary,2005,11207.0
348,Per Capita,Hungary,2010,13187.0
348,Per Capita,Hungary,2015,12579.0
348,Per Capita,Hungary,2016,12920.0
348,Per Capita,Hungary,2017,14376.0
352,Per Capita,Iceland,1985,12169.0
352,Per Capita,Iceland,1995,26223.0
352,Per Capita,Iceland,2005,56996.0
352,Per Capita,Iceland,2010,42718.0
352,Per Capita,Iceland,2015,52519.0
352,Per Capita,Iceland,2016,62309.0
352,Per Capita,Iceland,2017,73060.0
356,Per Capita,India,1985,285.0
356,Per Capita,India,1995,378.0
356,Per Capita,India,2005,720.0
356,Per Capita,India,2010,1356.0
356,Per Capita,India,2015,1639.0
356,Per Capita,India,2016,1714.0
356,Per Capita,India,2017,1923.0
360,Per Capita,Indonesia,1985,617.0
360,Per Capita,Indonesia,1995,1195.0
360,Per Capita,Indonesia,2005,1343.0
360,Per Capita,Indonesia,2010,3113.0
360,Per Capita,Indonesia,2015,3335.0
360,Per Capita,Indonesia,2016,3570.0
360,Per Capita,Indonesia,2017,3847.0
364,Per Capita,Iran (Islamic Republic of),1985,1611.0
364,Per Capita,Iran (Islamic Republic of),1995,1888.0
364,Per Capita,Iran (Islamic Republic of),2005,3216.0
364,Per Capita,Iran (Islamic Republic of),2010,6586.0
364,Per Capita,Iran (Islamic Republic of),2015,4958.0
364,Per Capita,Iran (Islamic Republic of),2016,5299.0
364,Per Capita,Iran (Islamic Republic of),2017,5680.0
368,Per Capita,Iraq,1985,775.0
368,Per Capita,Iraq,1995,172.0
368,Per Capita,Iraq,2005,1343.0
368,Per Capita,Iraq,2010,3808.0
368,Per Capita,Iraq,2015,4467.0
368,Per Capita,Iraq,2016,4342.0
368,Per Capita,Iraq,2017,4756.0
372,Per Capita,Ireland,1985,5974.0
372,Per Capita,Ireland,1995,18958.0
372,Per Capita,Ireland,2005,50236.0
372,Per Capita,Ireland,2010,48009.0
372,Per Capita,Ireland,2015,61933.0
372,Per Capita,Ireland,2016,63952.0
372,Per Capita,Ireland,2017,69604.0
376,Per Capita,Israel,1985,6706.0
376,Per Capita,Israel,1995,18793.0
376,Per Capita,Israel,2005,21568.0
376,Per Capita,Israel,2010,31475.0
376,Per Capita,Israel,2015,37258.0
376,Per Capita,Israel,2016,38987.0
376,Per Capita,Israel,2017,42452.0
380,Per Capita,Italy,1985,7905.0
380,Per Capita,Italy,1995,20449.0
380,Per Capita,Italy,2005,31503.0
380,Per Capita,Italy,2010,35578.0
380,Per Capita,Italy,2015,30792.0
380,Per Capita,Italy,2016,31451.0
380,Per Capita,Italy,2017,32747.0
388,Per Capita,Jamaica,1985,1114.0
388,Per Capita,Jamaica,1995,2592.0
388,Per Capita,Jamaica,2005,4097.0
388,Per Capita,Jamaica,2010,4692.0
388,Per Capita,Jamaica,2015,4940.0
388,Per Capita,Jamaica,2016,4886.0
388,Per Capita,Jamaica,2017,5130.0
392,Per Capita,Japan,1985,11476.0
392,Per Capita,Japan,1995,43118.0
392,Per Capita,Japan,2005,37054.0
392,Per Capita,Japan,2010,44341.0
392,Per Capita,Japan,2015,34342.0
392,Per Capita,Japan,2016,38742.0
392,Per Capita,Japan,2017,38220.0
400,Per Capita,Jordan,1985,1786.0
400,Per Capita,Jordan,1995,1488.0
400,Per Capita,Jordan,2005,2226.0
400,Per Capita,Jordan,2010,3692.0
400,Per Capita,Jordan,2015,4140.0
400,Per Capita,Jordan,2016,4145.0
400,Per Capita,Jordan,2017,4196.0
398,Per Capita,Kazakhstan,1995,1282.0
398,Per Capita,Kazakhstan,2005,3676.0
398,Per Capita,Kazakhstan,2010,9028.0
398,Per Capita,Kazakhstan,2015,10388.0
398,Per Capita,Kazakhstan,2016,7632.0
398,Per Capita,Kazakhstan,2017,8756.0
404,Per Capita,Kenya,1985,464.0
404,Per Capita,Kenya,1995,491.0
404,Per Capita,Kenya,2005,597.0
404,Per Capita,Kenya,2010,967.0
404,Per Capita,Kenya,2015,1355.0
404,Per Capita,Kenya,2016,1463.0
404,Per Capita,Kenya,2017,1508.0
296,Per Capita,Kiribati,1985,468.0
296,Per Capita,Kiribati,1995,720.0
296,Per Capita,Kiribati,2005,1215.0
296,Per Capita,Kiribati,2010,1521.0
296,Per Capita,Kiribati,2015,1505.0
296,Per Capita,Kiribati,2016,1587.0
296,Per Capita,Kiribati,2017,1694.0
412,Per Capita,Kosovo,1995,2351.0
412,Per Capita,Kosovo,2005,2074.0
412,Per Capita,Kosovo,2010,3354.0
412,Per Capita,Kosovo,2015,3668.0
412,Per Capita,Kosovo,2016,3811.0
412,Per Capita,Kosovo,2017,4116.0
414,Per Capita,Kuwait,1985,12333.0
414,Per Capita,Kuwait,1995,16487.0
414,Per Capita,Kuwait,2005,35490.0
414,Per Capita,Kuwait,2010,38497.0
414,Per Capita,Kuwait,2015,29114.0
414,Per Capita,Kuwait,2016,26997.0
414,Per Capita,Kuwait,2017,28897.0
417,Per Capita,Kyrgyzstan,1995,327.0
417,Per Capita,Kyrgyzstan,2005,485.0
417,Per Capita,Kyrgyzstan,2010,884.0
417,Per Capita,Kyrgyzstan,2015,1139.0
417,Per Capita,Kyrgyzstan,2016,1144.0
417,Per Capita,Kyrgyzstan,2017,1251.0
418,Per Capita,Lao People's Dem. Rep.,1985,170.0
418,Per Capita,Lao People's Dem. Rep.,1995,382.0
418,Per Capita,Lao People's Dem. Rep.,2005,512.0
418,Per Capita,Lao People's Dem. Rep.,2010,1171.0
418,Per Capita,Lao People's Dem. Rep.,2015,2159.0
418,Per Capita,Lao People's Dem. Rep.,2016,2339.0
418,Per Capita,Lao People's Dem. Rep.,2017,2457.0
428,Per Capita,Latvia,1995,2154.0
428,Per Capita,Latvia,2005,7514.0
428,Per Capita,Latvia,2010,11216.0
428,Per Capita,Latvia,2015,13536.0
428,Per Capita,Latvia,2016,14055.0
428,Per Capita,Latvia,2017,15625.0
422,Per Capita,Lebanon,1985,850.0
422,Per Capita,Lebanon,1995,3793.0
422,Per Capita,Lebanon,2005,5390.0
422,Per Capita,Lebanon,2010,8858.0
422,Per Capita,Lebanon,2015,8540.0
422,Per Capita,Lebanon,2016,8530.0
422,Per Capita,Lebanon,2017,8778.0
426,Per Capita,Lesotho,1985,202.0
426,Per Capita,Lesotho,1995,542.0
426,Per Capita,Lesotho,2005,800.0
426,Per Capita,Lesotho,2010,1169.0
426,Per Capita,Lesotho,2015,1152.0
426,Per Capita,Lesotho,2016,1040.0
426,Per Capita,Lesotho,2017,1178.0
430,Per Capita,Liberia,1985,491.0
430,Per Capita,Liberia,1995,101.0
430,Per Capita,Liberia,2005,217.0
430,Per Capita,Liberia,2010,327.0
430,Per Capita,Liberia,2015,593.0
430,Per Capita,Liberia,2016,598.0
430,Per Capita,Liberia,2017,584.0
434,Per Capita,Libya,1985,7715.0
434,Per Capita,Libya,1995,5717.0
434,Per Capita,Libya,2005,7846.0
434,Per Capita,Libya,2010,13121.0
434,Per Capita,Libya,2015,2833.0
434,Per Capita,Libya,2016,2434.0
434,Per Capita,Libya,2017,3942.0
438,Per Capita,Liechtenstein,1985,24995.0
438,Per Capita,Liechtenstein,1995,87414.0
438,Per Capita,Liechtenstein,2005,116095.0
438,Per Capita,Liechtenstein,2010,156127.0
438,Per Capita,Liechtenstein,2015,167594.0
438,Per Capita,Liechtenstein,2016,164994.0
438,Per Capita,Liechtenstein,2017,166022.0
440,Per Capita,Lithuania,1995,1848.0
440,Per Capita,Lithuania,2005,7817.0
440,Per Capita,Lithuania,2010,11886.0
440,Per Capita,Lithuania,2015,14160.0
440,Per Capita,Lithuania,2016,14776.0
440,Per Capita,Lithuania,2017,16450.0
442,Per Capita,Luxembourg,1985,12915.0
442,Per Capita,Luxembourg,1995,52894.0
442,Per Capita,Luxembourg,2005,81571.0
442,Per Capita,Luxembourg,2010,104772.0
442,Per Capita,Luxembourg,2015,100936.0
442,Per Capita,Luxembourg,2016,102408.0
442,Per Capita,Luxembourg,2017,106806.0
450,Per Capita,Madagascar,1985,277.0
450,Per Capita,Madagascar,1995,277.0
450,Per Capita,Madagascar,2005,324.0
450,Per Capita,Madagascar,2010,485.0
450,Per Capita,Madagascar,2015,464.0
450,Per Capita,Madagascar,2016,461.0
450,Per Capita,Madagascar,2017,517.0
454,Per Capita,Malawi,1985,281.0
454,Per Capita,Malawi,1995,250.0
454,Per Capita,Malawi,2005,280.0
454,Per Capita,Malawi,2010,453.0
454,Per Capita,Malawi,2015,366.0
454,Per Capita,Malawi,2016,294.0
454,Per Capita,Malawi,2017,340.0
458,Per Capita,Malaysia,1985,2000.0
458,Per Capita,Malaysia,1995,4334.0
458,Per Capita,Malaysia,2005,5594.0
458,Per Capita,Malaysia,2010,9071.0
458,Per Capita,Malaysia,2015,9655.0
458,Per Capita,Malaysia,2016,9515.0
458,Per Capita,Malaysia,2017,9951.0
462,Per Capita,Maldives,1985,875.0
462,Per Capita,Maldives,1995,2229.0
462,Per Capita,Maldives,2005,3649.0
462,Per Capita,Maldives,2010,7100.0
462,Per Capita,Maldives,2015,9822.0
462,Per Capita,Maldives,2016,10319.0
462,Per Capita,Maldives,2017,11151.0
466,Per Capita,Mali,1985,161.0
466,Per Capita,Mali,1995,295.0
466,Per Capita,Mali,2005,488.0
466,Per Capita,Mali,2010,708.0
466,Per Capita,Mali,2015,750.0
466,Per Capita,Mali,2016,780.0
466,Per Capita,Mali,2017,822.0
470,Per Capita,Malta,1985,3311.0
470,Per Capita,Malta,1995,9722.0
470,Per Capita,Malta,2005,15716.0
470,Per Capita,Malta,2010,21005.0
470,Per Capita,Malta,2015,24703.0
470,Per Capita,Malta,2016,26227.0
470,Per Capita,Malta,2017,29137.0
584,Per Capita,Marshall Islands,1985,1155.0
584,Per Capita,Marshall Islands,1995,2379.0
584,Per Capita,Marshall Islands,2005,2651.0
584,Per Capita,Marshall Islands,2010,3143.0
584,Per Capita,Marshall Islands,2015,3386.0
584,Per Capita,Marshall Islands,2016,3665.0
584,Per Capita,Marshall Islands,2017,3753.0
478,Per Capita,Mauritania,1985,613.0
478,Per Capita,Mauritania,1995,722.0
478,Per Capita,Mauritania,2005,698.0
478,Per Capita,Mauritania,2010,1202.0
478,Per Capita,Mauritania,2015,1155.0
478,Per Capita,Mauritania,2016,1104.0
478,Per Capita,Mauritania,2017,1129.0
480,Per Capita,Mauritius,1985,1134.0
480,Per Capita,Mauritius,1995,3786.0
480,Per Capita,Mauritius,2005,5544.0
480,Per Capita,Mauritius,2010,8016.0
480,Per Capita,Mauritius,2015,9284.0
480,Per Capita,Mauritius,2016,9683.0
480,Per Capita,Mauritius,2017,10565.0
484,Per Capita,Mexico,1985,2903.0
484,Per Capita,Mexico,1995,3829.0
484,Per Capita,Mexico,2005,8089.0
484,Per Capita,Mexico,2010,9016.0
484,Per Capita,Mexico,2015,9298.0
484,Per Capita,Mexico,2016,8451.0
484,Per Capita,Mexico,2017,8967.0
583,Per Capita,Micronesia (Fed. States of),1985,1262.0
583,Per Capita,Micronesia (Fed. States of),1995,2063.0
583,Per Capita,Micronesia (Fed. States of),2005,2360.0
583,Per Capita,Micronesia (Fed. States of),2010,2862.0
583,Per Capita,Micronesia (Fed. States of),2015,3018.0
583,Per Capita,Micronesia (Fed. States of),2016,3144.0
583,Per Capita,Micronesia (Fed. States of),2017,3188.0
492,Per Capita,Monaco,1985,36724.0
492,Per Capita,Monaco,1995,100041.0
492,Per Capita,Monaco,2005,124374.0
492,Per Capita,Monaco,2010,144561.0
492,Per Capita,Monaco,2015,163394.0
492,Per Capita,Monaco,2016,168003.0
492,Per Capita,Monaco,2017,165421.0
496,Per Capita,Mongolia,1985,634.0
496,Per Capita,Mongolia,1995,730.0
496,Per Capita,Mongolia,2005,1158.0
496,Per Capita,Mongolia,2010,2650.0
496,Per Capita,Mongolia,2015,3947.0
496,Per Capita,Mongolia,2016,3695.0
496,Per Capita,Mongolia,2017,3620.0
499,Per Capita,Montenegro,1995,1958.0
499,Per Capita,Montenegro,2005,3697.0
499,Per Capita,Montenegro,2010,6630.0
499,Per Capita,Montenegro,2015,6452.0
499,Per Capita,Montenegro,2016,6958.0
499,Per Capita,Montenegro,2017,7703.0
500,Per Capita,Montserrat,1985,3850.0
500,Per Capita,Montserrat,1995,6728.0
500,Per Capita,Montserrat,2005,10229.0
500,Per Capita,Montserrat,2010,11228.0
500,Per Capita,Montserrat,2015,11979.0
500,Per Capita,Montserrat,2016,12197.0
500,Per Capita,Montserrat,2017,11582.0
504,Per Capita,Morocco,1985,670.0
504,Per Capita,Morocco,1995,1430.0
504,Per Capita,Morocco,2005,2049.0
504,Per Capita,Morocco,2010,2876.0
504,Per Capita,Morocco,2015,2907.0
504,Per Capita,Morocco,2016,2930.0
504,Per Capita,Morocco,2017,3070.0
508,Per Capita,Mozambique,1985,624.0
508,Per Capita,Mozambique,1995,163.0
508,Per Capita,Mozambique,2005,369.0
508,Per Capita,Mozambique,2010,419.0
508,Per Capita,Mozambique,2015,528.0
508,Per Capita,Mozambique,2016,378.0
508,Per Capita,Mozambique,2017,426.0
104,Per Capita,Myanmar,1985,177.0
104,Per Capita,Myanmar,1995,180.0
104,Per Capita,Myanmar,2005,246.0
104,Per Capita,Myanmar,2010,826.0
104,Per Capita,Myanmar,2015,1193.0
104,Per Capita,Myanmar,2016,1221.0
104,Per Capita,Myanmar,2017,1257.0
516,Per Capita,Namibia,1985,1399.0
516,Per Capita,Namibia,1995,2382.0
516,Per Capita,Namibia,2005,3504.0
516,Per Capita,Namibia,2010,5192.0
516,Per Capita,Namibia,2015,4806.0
516,Per Capita,Namibia,2016,4561.0
516,Per Capita,Namibia,2017,5227.0
520,Per Capita,Nauru,1985,4043.0
520,Per Capita,Nauru,1995,3496.0
520,Per Capita,Nauru,2005,2600.0
520,Per Capita,Nauru,2010,6234.0
520,Per Capita,Nauru,2015,7955.0
520,Per Capita,Nauru,2016,9119.0
520,Per Capita,Nauru,2017,10045.0
524,Per Capita,Nepal,1985,164.0
524,Per Capita,Nepal,1995,212.0
524,Per Capita,Nepal,2005,322.0
524,Per Capita,Nepal,2010,602.0
524,Per Capita,Nepal,2015,726.0
524,Per Capita,Nepal,2016,722.0
524,Per Capita,Nepal,2017,849.0
528,Per Capita,Netherlands,1985,9911.0
528,Per Capita,Netherlands,1995,29240.0
528,Per Capita,Netherlands,2005,41857.0
528,Per Capita,Netherlands,2010,50744.0
528,Per Capita,Netherlands,2015,45179.0
528,Per Capita,Netherlands,2016,46124.0
528,Per Capita,Netherlands,2017,48754.0
530,Per Capita,Netherlands Antilles [former],1985,7024.0
530,Per Capita,Netherlands Antilles [former],1995,14734.0
530,Per Capita,Netherlands Antilles [former],2005,18852.0
530,Per Capita,Netherlands Antilles [former],2010,21290.0
540,Per Capita,New Caledonia,1985,5480.0
540,Per Capita,New Caledonia,1995,19024.0
540,Per Capita,New Caledonia,2005,26801.0
540,Per Capita,New Caledonia,2010,37266.0
540,Per Capita,New Caledonia,2015,34094.0
540,Per Capita,New Caledonia,2016,34641.0
540,Per Capita,New Caledonia,2017,35815.0
554,Per Capita,New Zealand,1985,7376.0
554,Per Capita,New Zealand,1995,17184.0
554,Per Capita,New Zealand,2005,27741.0
554,Per Capita,New Zealand,2010,33543.0
554,Per Capita,New Zealand,2015,38402.0
554,Per Capita,New Zealand,2016,40305.0
554,Per Capita,New Zealand,2017,42935.0
558,Per Capita,Nicaragua,1985,970.0
558,Per Capita,Nicaragua,1995,893.0
558,Per Capita,Nicaragua,2005,1171.0
558,Per Capita,Nicaragua,2010,1526.0
558,Per Capita,Nicaragua,2015,2073.0
558,Per Capita,Nicaragua,2016,2144.0
558,Per Capita,Nicaragua,2017,2222.0
562,Per Capita,Niger,1985,221.0
562,Per Capita,Niger,1995,188.0
562,Per Capita,Niger,2005,247.0
562,Per Capita,Niger,2010,348.0
562,Per Capita,Niger,2015,364.0
562,Per Capita,Niger,2016,368.0
562,Per Capita,Niger,2017,378.0
566,Per Capita,Nigeria,1985,2139.0
566,Per Capita,Nigeria,1995,454.0
566,Per Capita,Nigeria,2005,1299.0
566,Per Capita,Nigeria,2010,2327.0
566,Per Capita,Nigeria,2015,2730.0
566,Per Capita,Nigeria,2016,2176.0
566,Per Capita,Nigeria,2017,1969.0
807,Per Capita,North Macedonia,1995,2373.0
807,Per Capita,North Macedonia,2005,3038.0
807,Per Capita,North Macedonia,2010,4543.0
807,Per Capita,North Macedonia,2015,4840.0
807,Per Capita,North Macedonia,2016,5128.0
807,Per Capita,North Macedonia,2017,5415.0
578,Per Capita,Norway,1985,15751.0
578,Per Capita,Norway,1995,34813.0
578,Per Capita,Norway,2005,66645.0
578,Per Capita,Norway,2010,87831.0
578,Per Capita,Norway,2015,74361.0
578,Per Capita,Norway,2016,70668.0
578,Per Capita,Norway,2017,75295.0
512,Per Capita,Oman,1985,6861.0
512,Per Capita,Oman,1995,6193.0
512,Per Capita,Oman,2005,12377.0
512,Per Capita,Oman,2010,18757.0
512,Per Capita,Oman,2015,16411.0
512,Per Capita,Oman,2016,14903.0
512,Per Capita,Oman,2017,15267.0
586,Per Capita,Pakistan,1985,421.0
586,Per Capita,Pakistan,1995,629.0
586,Per Capita,Pakistan,2005,765.0
586,Per Capita,Pakistan,2010,1023.0
586,Per Capita,Pakistan,2015,1410.0
586,Per Capita,Pakistan,2016,1438.0
586,Per Capita,Pakistan,2017,1534.0
585,Per Capita,Palau,1985,3006.0
585,Per Capita,Palau,1995,6398.0
585,Per Capita,Palau,2005,9611.0
585,Per Capita,Palau,2010,8932.0
585,Per Capita,Palau,2015,13768.0
585,Per Capita,Palau,2016,14077.0
585,Per Capita,Palau,2017,13417.0
591,Per Capita,Panama,1985,2621.0
591,Per Capita,Panama,1995,3354.0
591,Per Capita,Panama,2005,4718.0
591,Per Capita,Panama,2010,8081.0
591,Per Capita,Panama,2015,13684.0
591,Per Capita,Panama,2016,14333.0
591,Per Capita,Panama,2017,15088.0
598,Per Capita,Papua New Guinea,1985,970.0
598,Per Capita,Papua New Guinea,1995,1486.0
598,Per Capita,Papua New Guinea,2005,1158.0
598,Per Capita,Papua New Guinea,2010,2005.0
598,Per Capita,Papua New Guinea,2015,2899.0
598,Per Capita,Papua New Guinea,2016,2657.0
598,Per Capita,Papua New Guinea,2017,2667.0
600,Per Capita,Paraguay,1985,1094.0
600,Per Capita,Paraguay,1995,1694.0
600,Per Capita,Paraguay,2005,1507.0
600,Per Capita,Paraguay,2010,3228.0
600,Per Capita,Paraguay,2015,4109.0
600,Per Capita,Paraguay,2016,4078.0
600,Per Capita,Paraguay,2017,4322.0
604,Per Capita,Peru,1985,743.0
604,Per Capita,Peru,1995,2220.0
604,Per Capita,Peru,2005,2755.0
604,Per Capita,Peru,2010,5022.0
604,Per Capita,Peru,2015,6053.0
604,Per Capita,Peru,2016,6031.0
604,Per Capita,Peru,2017,6572.0
608,Per Capita,Philippines,1985,627.0
608,Per Capita,Philippines,1995,1176.0
608,Per Capita,Philippines,2005,1195.0
608,Per Capita,Philippines,2010,2130.0
608,Per Capita,Philippines,2015,2878.0
608,Per Capita,Philippines,2016,2951.0
608,Per Capita,Philippines,2017,2989.0
616,Per Capita,Poland,1985,1975.0
616,Per Capita,Poland,1995,3696.0
616,Per Capita,Poland,2005,7980.0
616,Per Capita,Poland,2010,12507.0
616,Per Capita,Poland,2015,12481.0
616,Per Capita,Poland,2016,12349.0
616,Per Capita,Poland,2017,13786.0
620,Per Capita,Portugal,1985,2716.0
620,Per Capita,Portugal,1995,11639.0
620,Per Capita,Portugal,2005,18674.0
620,Per Capita,Portugal,2010,22371.0
620,Per Capita,Portugal,2015,19141.0
620,Per Capita,Portugal,2016,18160.0
620,Per Capita,Portugal,2017,18882.0
630,Per Capita,Puerto Rico,1985,6106.0
630,Per Capita,Puerto Rico,1995,11721.0
630,Per Capita,Puerto Rico,2005,22286.0
630,Per Capita,Puerto Rico,2010,26470.0
630,Per Capita,Puerto Rico,2015,28139.0
630,Per Capita,Puerto Rico,2016,28343.0
630,Per Capita,Puerto Rico,2017,28451.0
634,Per Capita,Qatar,1985,16582.0
634,Per Capita,Qatar,1995,15849.0
634,Per Capita,Qatar,2005,51489.0
634,Per Capita,Qatar,2010,70306.0
634,Per Capita,Qatar,2015,66347.0
634,Per Capita,Qatar,2016,59324.0
634,Per Capita,Qatar,2017,63506.0
410,Per Capita,Republic of Korea,1985,2457.0
410,Per Capita,Republic of Korea,1995,12277.0
410,Per Capita,Republic of Korea,2005,18439.0
410,Per Capita,Republic of Korea,2010,22088.0
410,Per Capita,Republic of Korea,2015,27331.0
410,Per Capita,Republic of Korea,2016,27855.0
410,Per Capita,Republic of Korea,2017,30025.0
498,Per Capita,Republic of Moldova,1995,407.0
498,Per Capita,Republic of Moldova,2005,719.0
498,Per Capita,Republic of Moldova,2010,1423.0
498,Per Capita,Republic of Moldova,2015,1602.0
498,Per Capita,Republic of Moldova,2016,1674.0
498,Per Capita,Republic of Moldova,2017,2006.0
642,Per Capita,Romania,1985,2196.0
642,Per Capita,Romania,1995,1640.0
642,Per Capita,Romania,2005,4652.0
642,Per Capita,Romania,2010,8153.0
642,Per Capita,Romania,2015,8951.0
642,Per Capita,Romania,2016,9496.0
642,Per Capita,Romania,2017,10763.0
643,Per Capita,Russian Federation,1995,2713.0
643,Per Capita,Russian Federation,2005,5372.0
643,Per Capita,Russian Federation,2010,10757.0
643,Per Capita,Russian Federation,2015,9510.0
643,Per Capita,Russian Federation,2016,8924.0
643,Per Capita,Russian Federation,2017,10956.0
646,Per Capita,Rwanda,1985,296.0
646,Per Capita,Rwanda,1995,208.0
646,Per Capita,Rwanda,2005,287.0
646,Per Capita,Rwanda,2010,563.0
646,Per Capita,Rwanda,2015,712.0
646,Per Capita,Rwanda,2016,711.0
646,Per Capita,Rwanda,2017,748.0
659,Per Capita,Saint Kitts and Nevis,1985,2524.0
659,Per Capita,Saint Kitts and Nevis,1995,6987.0
659,Per Capita,Saint Kitts and Nevis,2005,11178.0
659,Per Capita,Saint Kitts and Nevis,2010,13708.0
659,Per Capita,Saint Kitts and Nevis,2015,15937.0
659,Per Capita,Saint Kitts and Nevis,2016,16413.0
659,Per Capita,Saint Kitts and Nevis,2017,16818.0
662,Per Capita,Saint Lucia,1985,1970.0
662,Per Capita,Saint Lucia,1995,4199.0
662,Per Capita,Saint Lucia,2005,5714.0
662,Per Capita,Saint Lucia,2010,8008.0
662,Per Capita,Saint Lucia,2015,9156.0
662,Per Capita,Saint Lucia,2016,9188.0
662,Per Capita,Saint Lucia,2017,9607.0
670,Per Capita,Saint Vincent & Grenadines,1985,1277.0
670,Per Capita,Saint Vincent & Grenadines,1995,2887.0
670,Per Capita,Saint Vincent & Grenadines,2005,5065.0
670,Per Capita,Saint Vincent & Grenadines,2010,6232.0
670,Per Capita,Saint Vincent & Grenadines,2015,6915.0
670,Per Capita,Saint Vincent & Grenadines,2016,6994.0
670,Per Capita,Saint Vincent & Grenadines,2017,7099.0
882,Per Capita,Samoa,1985,532.0
882,Per Capita,Samoa,1995,1151.0
882,Per Capita,Samoa,2005,2414.0
882,Per Capita,Samoa,2010,3648.0
882,Per Capita,Samoa,2015,3995.0
882,Per Capita,Samoa,2016,4213.0
882,Per Capita,Samoa,2017,4356.0
674,Per Capita,San Marino,1985,14017.0
674,Per Capita,San Marino,1995,39407.0
674,Per Capita,San Marino,2005,69338.0
674,Per Capita,San Marino,2010,68767.0
674,Per Capita,San Marino,2015,47627.0
674,Per Capita,San Marino,2016,48560.0
674,Per Capita,San Marino,2017,50588.0
678,Per Capita,Sao Tome and Principe,1985,759.0
678,Per Capita,Sao Tome and Principe,1995,780.0
678,Per Capita,Sao Tome and Principe,2005,811.0
678,Per Capita,Sao Tome and Principe,2010,1130.0
678,Per Capita,Sao Tome and Principe,2015,1613.0
678,Per Capita,Sao Tome and Principe,2016,1772.0
678,Per Capita,Sao Tome and Principe,2017,1921.0
682,Per Capita,Saudi Arabia,1985,7877.0
682,Per Capita,Saudi Arabia,1995,7641.0
682,Per Capita,Saudi Arabia,2005,13740.0
682,Per Capita,Saudi Arabia,2010,19260.0
682,Per Capita,Saudi Arabia,2015,20733.0
682,Per Capita,Saudi Arabia,2016,19982.0
682,Per Capita,Saudi Arabia,2017,20761.0
686,Per Capita,Senegal,1985,560.0
686,Per Capita,Senegal,1995,721.0
686,Per Capita,Senegal,2005,1001.0
686,Per Capita,Senegal,2010,1295.0
686,Per Capita,Senegal,2015,1186.0
686,Per Capita,Senegal,2016,1231.0
686,Per Capita,Senegal,2017,1333.0
688,Per Capita,Serbia,1995,2208.0
688,Per Capita,Serbia,2005,3528.0
688,Per Capita,Serbia,2010,5412.0
688,Per Capita,Serbia,2015,5237.0
688,Per Capita,Serbia,2016,5426.0
688,Per Capita,Serbia,2017,5912.0
690,Per Capita,Seychelles,1985,2922.0
690,Per Capita,Seychelles,1995,8005.0
690,Per Capita,Seychelles,2005,10357.0
690,Per Capita,Seychelles,2010,10612.0
690,Per Capita,Seychelles,2015,14695.0
690,Per Capita,Seychelles,2016,15150.0
690,Per Capita,Seychelles,2017,15693.0
694,Per Capita,Sierra Leone,1985,362.0
694,Per Capita,Sierra Leone,1995,276.0
694,Per Capita,Sierra Leone,2005,292.0
694,Per Capita,Sierra Leone,2010,399.0
694,Per Capita,Sierra Leone,2015,587.0
694,Per Capita,Sierra Leone,2016,522.0
694,Per Capita,Sierra Leone,2017,495.0
702,Per Capita,Singapore,1985,6858.0
702,Per Capita,Singapore,1995,25265.0
702,Per Capita,Singapore,2005,28372.0
702,Per Capita,Singapore,2010,46592.0
702,Per Capita,Singapore,2015,54937.0
702,Per Capita,Singapore,2016,55092.0
702,Per Capita,Singapore,2017,56737.0
534,Per Capita,Sint Maarten (Dutch part),2005,21762.0
534,Per Capita,Sint Maarten (Dutch part),2010,27065.0
534,Per Capita,Sint Maarten (Dutch part),2015,27521.0
534,Per Capita,Sint Maarten (Dutch part),2016,27116.0
703,Per Capita,Slovakia,1995,3713.0
703,Per Capita,Slovakia,2005,9069.0
703,Per Capita,Slovakia,2010,16561.0
703,Per Capita,Slovakia,2015,16136.0
703,Per Capita,Slovakia,2016,16503.0
703,Per Capita,Slovakia,2017,17552.0
705,Per Capita,Slovenia,1995,10683.0
705,Per Capita,Slovenia,2005,18206.0
705,Per Capita,Slovenia,2010,23477.0
705,Per Capita,Slovenia,2015,20774.0
705,Per Capita,Slovenia,2016,21484.0
705,Per Capita,Slovenia,2017,23296.0
90,Per Capita,Solomon Islands,1985,591.0
90,Per Capita,Solomon Islands,1995,1015.0
90,Per Capita,Solomon Islands,2005,914.0
90,Per Capita,Solomon Islands,2010,1363.0
90,Per Capita,Solomon Islands,2015,1803.0
90,Per Capita,Solomon Islands,2016,1886.0
90,Per Capita,Solomon Islands,2017,1982.0
706,Per Capita,Somalia,1985,119.0
706,Per Capita,Somalia,1995,146.0
706,Per Capita,Somalia,2005,222.0
706,Per Capita,Somalia,2010,91.0
706,Per Capita,Somalia,2015,105.0
706,Per Capita,Somalia,2016,100.0
706,Per Capita,Somalia,2017,104.0
710,Per Capita,South Africa,1985,1768.0
710,Per Capita,South Africa,1995,3741.0
710,Per Capita,South Africa,2005,5280.0
710,Per Capita,South Africa,2010,7276.0
710,Per Capita,South Africa,2015,5743.0
710,Per Capita,South Africa,2016,5280.0
710,Per Capita,South Africa,2017,6151.0
728,Per Capita,South Sudan,2010,1510.0
728,Per Capita,South Sudan,2015,1128.0
728,Per Capita,South Sudan,2016,534.0
728,Per Capita,South Sudan,2017,453.0
724,Per Capita,Spain,1985,4643.0
724,Per Capita,Spain,1995,15366.0
724,Per Capita,Spain,2005,26276.0
724,Per Capita,Spain,2010,30598.0
724,Per Capita,Spain,2015,25844.0
724,Per Capita,Spain,2016,26700.0
724,Per Capita,Spain,2017,28354.0
144,Per Capita,Sri Lanka,1985,425.0
144,Per Capita,Sri Lanka,1995,838.0
144,Per Capita,Sri Lanka,2005,1431.0
144,Per Capita,Sri Lanka,2010,2808.0
144,Per Capita,Sri Lanka,2015,3891.0
144,Per Capita,Sri Lanka,2016,3932.0
144,Per Capita,Sri Lanka,2017,4184.0
275,Per Capita,State of Palestine,1985,571.0
275,Per Capita,State of Palestine,1995,1254.0
275,Per Capita,State of Palestine,2005,1351.0
275,Per Capita,State of Palestine,2010,2192.0
275,Per Capita,State of Palestine,2015,2718.0
275,Per Capita,State of Palestine,2016,2802.0
275,Per Capita,State of Palestine,2017,2946.0
729,Per Capita,Sudan,2010,1584.0
729,Per Capita,Sudan,2015,2150.0
729,Per Capita,Sudan,2016,2317.0
729,Per Capita,Sudan,2017,2967.0
736,Per Capita,Sudan [former],1985,292.0
736,Per Capita,Sudan [former],1995,435.0
736,Per Capita,Sudan [former],2005,902.0
736,Per Capita,Sudan [former],2010,1567.0
740,Per Capita,Suriname,1985,3221.0
740,Per Capita,Suriname,1995,1903.0
740,Per Capita,Suriname,2005,4395.0
740,Per Capita,Suriname,2010,8303.0
740,Per Capita,Suriname,2015,8725.0
740,Per Capita,Suriname,2016,5871.0
740,Per Capita,Suriname,2017,6757.0
752,Per Capita,Sweden,1985,13477.0
752,Per Capita,Sweden,1995,29915.0
752,Per Capita,Sweden,2005,43092.0
752,Per Capita,Sweden,2010,52066.0
752,Per Capita,Sweden,2015,51018.0
752,Per Capita,Sweden,2016,52066.0
752,Per Capita,Sweden,2017,54043.0
756,Per Capita,Switzerland,1985,16692.0
756,Per Capita,Switzerland,1995,48817.0
756,Per Capita,Switzerland,2005,55153.0
756,Per Capita,Switzerland,2010,74538.0
756,Per Capita,Switzerland,2015,81713.0
756,Per Capita,Switzerland,2016,79767.0
756,Per Capita,Switzerland,2017,80101.0
760,Per Capita,Syrian Arab Republic,1985,944.0
760,Per Capita,Syrian Arab Republic,1995,944.0
760,Per Capita,Syrian Arab Republic,2005,1552.0
760,Per Capita,Syrian Arab Republic,2010,2877.0
760,Per Capita,Syrian Arab Republic,2015,1019.0
760,Per Capita,Syrian Arab Republic,2016,672.0
760,Per Capita,Syrian Arab Republic,2017,831.0
762,Per Capita,Tajikistan,1995,211.0
762,Per Capita,Tajikistan,2005,337.0
762,Per Capita,Tajikistan,2010,738.0
762,Per Capita,Tajikistan,2015,919.0
762,Per Capita,Tajikistan,2016,796.0
762,Per Capita,Tajikistan,2017,801.0
764,Per Capita,Thailand,1985,775.0
764,Per Capita,Thailand,1995,2845.0
764,Per Capita,Thailand,2005,2894.0
764,Per Capita,Thailand,2010,5075.0
764,Per Capita,Thailand,2015,5846.0
764,Per Capita,Thailand,2016,5979.0
764,Per Capita,Thailand,2017,6595.0
626,Per Capita,Timor-Leste,1995,503.0
626,Per Capita,Timor-Leste,2005,1767.0
626,Per Capita,Timor-Leste,2010,3604.0
626,Per Capita,Timor-Leste,2015,2502.0
626,Per Capita,Timor-Leste,2016,1987.0
626,Per Capita,Timor-Leste,2017,2279.0
768,Per Capita,Togo,1985,264.0
768,Per Capita,Togo,1995,389.0
768,Per Capita,Togo,2005,401.0
768,Per Capita,Togo,2010,527.0
768,Per Capita,Togo,2015,563.0
768,Per Capita,Togo,2016,589.0
768,Per Capita,Togo,2017,614.0
776,Per Capita,Tonga,1985,779.0
776,Per Capita,Tonga,1995,2115.0
776,Per Capita,Tonga,2005,2589.0
776,Per Capita,Tonga,2010,3590.0
776,Per Capita,Tonga,2015,3778.0
776,Per Capita,Tonga,2016,3748.0
776,Per Capita,Tonga,2017,3950.0
780,Per Capita,Trinidad and Tobago,1985,6282.0
780,Per Capita,Trinidad and Tobago,1995,4235.0
780,Per Capita,Trinidad and Tobago,2005,12289.0
780,Per Capita,Trinidad and Tobago,2010,16611.0
780,Per Capita,Trinidad and Tobago,2015,17942.0
780,Per Capita,Trinidad and Tobago,2016,16340.0
780,Per Capita,Trinidad and Tobago,2017,16145.0
788,Per Capita,Tunisia,1985,1261.0
788,Per Capita,Tunisia,1995,2172.0
788,Per Capita,Tunisia,2005,3194.0
788,Per Capita,Tunisia,2010,4140.0
788,Per Capita,Tunisia,2015,3828.0
788,Per Capita,Tunisia,2016,3666.0
788,Per Capita,Tunisia,2017,3475.0
792,Per Capita,Turkey,1985,1884.0
792,Per Capita,Turkey,1995,3985.0
792,Per Capita,Turkey,2005,7384.0
792,Per Capita,Turkey,2010,10672.0
792,Per Capita,Turkey,2015,10985.0
792,Per Capita,Turkey,2016,10863.0
792,Per Capita,Turkey,2017,10546.0
795,Per Capita,Turkmenistan,1995,520.0
795,Per Capita,Turkmenistan,2005,2982.0
795,Per Capita,Turkmenistan,2010,4439.0
795,Per Capita,Turkmenistan,2015,6478.0
795,Per Capita,Turkmenistan,2016,6387.0
795,Per Capita,Turkmenistan,2017,6585.0
796,Per Capita,Turks and Caicos Islands,1985,6142.0
796,Per Capita,Turks and Caicos Islands,1995,12425.0
796,Per Capita,Turks and Caicos Islands,2005,21879.0
796,Per Capita,Turks and Caicos Islands,2010,22159.0
796,Per Capita,Turks and Caicos Islands,2015,26020.0
796,Per Capita,Turks and Caicos Islands,2016,27231.0
796,Per Capita,Turks and Caicos Islands,2017,28689.0
798,Per Capita,Tuvalu,1985,406.0
798,Per Capita,Tuvalu,1995,1274.0
798,Per Capita,Tuvalu,2005,2162.0
798,Per Capita,Tuvalu,2010,2981.0
798,Per Capita,Tuvalu,2015,3185.0
798,Per Capita,Tuvalu,2016,3564.0
798,Per Capita,Tuvalu,2017,3924.0
800,Per Capita,Uganda,1985,324.0
800,Per Capita,Uganda,1995,348.0
800,Per Capita,Uganda,2005,391.0
800,Per Capita,Uganda,2010,580.0
800,Per Capita,Uganda,2015,625.0
800,Per Capita,Uganda,2016,613.0
800,Per Capita,Uganda,2017,646.0
804,Per Capita,Ukraine,1995,990.0
804,Per Capita,Ukraine,2005,1903.0
804,Per Capita,Ukraine,2010,2970.0
804,Per Capita,Ukraine,2015,2038.0
804,Per Capita,Ukraine,2016,2101.0
804,Per Capita,Ukraine,2017,2536.0
784,Per Capita,United Arab Emirates,1985,29571.0
784,Per Capita,United Arab Emirates,1995,27198.0
784,Per Capita,United Arab Emirates,2005,39955.0
784,Per Capita,United Arab Emirates,2010,35038.0
784,Per Capita,United Arab Emirates,2015,39122.0
784,Per Capita,United Arab Emirates,2016,38518.0
784,Per Capita,United Arab Emirates,2017,40699.0
826,Per Capita,United Kingdom,1985,8665.0
826,Per Capita,United Kingdom,1995,23042.0
826,Per Capita,United Kingdom,2005,41883.0
826,Per Capita,United Kingdom,2010,38746.0
826,Per Capita,United Kingdom,2015,44290.0
826,Per Capita,United Kingdom,2016,40421.0
826,Per Capita,United Kingdom,2017,39758.0
834,Per Capita,United Rep. of Tanzania,1985,534.0
834,Per Capita,United Rep. of Tanzania,1995,260.0
834,Per Capita,United Rep. of Tanzania,2005,471.0
834,Per Capita,United Rep. of Tanzania,2010,694.0
834,Per Capita,United Rep. of Tanzania,2015,870.0
834,Per Capita,United Rep. of Tanzania,2016,876.0
834,Per Capita,United Rep. of Tanzania,2017,934.0
840,Per Capita,United States of America,1985,18017.0
840,Per Capita,United States of America,1995,28758.0
840,Per Capita,United States of America,2005,44173.0
840,Per Capita,United States of America,2010,48574.0
840,Per Capita,United States of America,2015,56948.0
840,Per Capita,United States of America,2016,58064.0
840,Per Capita,United States of America,2017,60055.0
858,Per Capita,Uruguay,1985,1735.0
858,Per Capita,Uruguay,1995,6609.0
858,Per Capita,Uruguay,2005,5221.0
858,Per Capita,Uruguay,2010,11938.0
858,Per Capita,Uruguay,2015,15525.0
858,Per Capita,Uruguay,2016,15298.0
858,Per Capita,Uruguay,2017,17120.0
860,Per Capita,Uzbekistan,1995,589.0
860,Per Capita,Uzbekistan,2005,543.0
860,Per Capita,Uzbekistan,2010,1382.0
860,Per Capita,Uzbekistan,2015,2160.0
860,Per Capita,Uzbekistan,2016,2145.0
860,Per Capita,Uzbekistan,2017,1557.0
548,Per Capita,Vanuatu,1985,1020.0
548,Per Capita,Vanuatu,1995,1621.0
548,Per Capita,Vanuatu,2005,1886.0
548,Per Capita,Vanuatu,2010,2966.0
548,Per Capita,Vanuatu,2015,2871.0
548,Per Capita,Vanuatu,2016,2975.0
548,Per Capita,Vanuatu,2017,3128.0
862,Per Capita,Venezuela (Boliv. Rep. of),1985,3425.0
862,Per Capita,Venezuela (Boliv. Rep. of),1995,3375.0
862,Per Capita,Venezuela (Boliv. Rep. of),2005,5433.0
862,Per Capita,Venezuela (Boliv. Rep. of),2010,13566.0
862,Per Capita,Venezuela (Boliv. Rep. of),2015,11054.0
862,Per Capita,Venezuela (Boliv. Rep. of),2016,9230.0
862,Per Capita,Venezuela (Boliv. Rep. of),2017,7977.0
704,Per Capita,Viet Nam,1985,79.0
704,Per Capita,Viet Nam,1995,276.0
704,Per Capita,Viet Nam,2005,684.0
704,Per Capita,Viet Nam,2010,1310.0
704,Per Capita,Viet Nam,2015,2065.0
704,Per Capita,Viet Nam,2016,2171.0
704,Per Capita,Viet Nam,2017,2342.0
887,Per Capita,Yemen,1995,387.0
887,Per Capita,Yemen,2005,925.0
887,Per Capita,Yemen,2010,1309.0
887,Per Capita,Yemen,2015,990.0
887,Per Capita,Yemen,2016,901.0
887,Per Capita,Yemen,2017,990.0
894,Per Capita,Zambia,1985,399.0
894,Per Capita,Zambia,1995,417.0
894,Per Capita,Zambia,2005,691.0
894,Per Capita,Zambia,2010,1463.0
894,Per Capita,Zambia,2015,1319.0
894,Per Capita,Zambia,2016,1263.0
894,Per Capita,Zambia,2017,1513.0
836,Per Capita,Zanzibar,1995,235.0
836,Per Capita,Zanzibar,2005,408.0
836,Per Capita,Zanzibar,2010,587.0
836,Per Capita,Zanzibar,2015,795.0
836,Per Capita,Zanzibar,2016,823.0
836,Per Capita,Zanzibar,2017,920.0
716,Per Capita,Zimbabwe,1985,872.0
716,Per Capita,Zimbabwe,1995,846.0
716,Per Capita,Zimbabwe,2005,481.0
716,Per Capita,Zimbabwe,2010,720.0
716,Per Capita,Zimbabwe,2015,1033.0
716,Per Capita,Zimbabwe,2016,1029.0
716,Per Capita,Zimbabwe,2017,1091.0
