Country ID,Source Data,Country Name,Year,Unemployment Rate (%)
2,Total Unemployment,Africa,2005,8.4
2,Total Unemployment,Africa,2010,7.9
2,Total Unemployment,Africa,2015,7.5
2,Total Unemployment,Africa,2019,7.8
15,Total Unemployment,Northern Africa,2005,12.5
15,Total Unemployment,Northern Africa,2010,11.5
15,Total Unemployment,Northern Africa,2015,12.4
15,Total Unemployment,Northern Africa,2019,11.4
202,Total Unemployment,Sub-Saharan Africa,2005,7.5
202,Total Unemployment,Sub-Saharan Africa,2010,7.1
202,Total Unemployment,Sub-Saharan Africa,2015,6.6
202,Total Unemployment,Sub-Saharan Africa,2019,7.2
14,Total Unemployment,Eastern Africa,2005,6.8
14,Total Unemployment,Eastern Africa,2010,7.1
14,Total Unemployment,Eastern Africa,2015,6.4
14,Total Unemployment,Eastern Africa,2019,6.5
17,Total Unemployment,Middle Africa,2005,7.9
17,Total Unemployment,Middle Africa,2010,5.7
17,Total Unemployment,Middle Africa,2015,5.1
17,Total Unemployment,Middle Africa,2019,5.5
18,Total Unemployment,Southern Africa,2005,24.2
18,Total Unemployment,Southern Africa,2010,24.4
18,Total Unemployment,Southern Africa,2015,24.7
18,Total Unemployment,Southern Africa,2019,27.0
11,Total Unemployment,Western Africa,2005,4.5
11,Total Unemployment,Western Africa,2010,4.3
11,Total Unemployment,Western Africa,2015,4.0
11,Total Unemployment,Western Africa,2019,5.3
19,Total Unemployment,Americas,2005,6.9
19,Total Unemployment,Americas,2010,7.9
19,Total Unemployment,Americas,2015,6.2
19,Total Unemployment,Americas,2019,6.4
21,Total Unemployment,Northern America,2005,5.3
21,Total Unemployment,Northern America,2010,9.5
21,Total Unemployment,Northern America,2015,5.5
21,Total Unemployment,Northern America,2019,4.3
419,Total Unemployment,Latin America & the Caribbean,2005,8.0
419,Total Unemployment,Latin America & the Caribbean,2010,6.9
419,Total Unemployment,Latin America & the Caribbean,2015,6.6
419,Total Unemployment,Latin America & the Caribbean,2019,7.6
29,Total Unemployment,Caribbean,2005,8.1
29,Total Unemployment,Caribbean,2010,8.6
29,Total Unemployment,Caribbean,2015,8.2
29,Total Unemployment,Caribbean,2019,7.9
13,Total Unemployment,Central America,2005,4.0
13,Total Unemployment,Central America,2010,5.4
13,Total Unemployment,Central America,2015,4.4
13,Total Unemployment,Central America,2019,3.6
5,Total Unemployment,South America,2005,9.4
5,Total Unemployment,South America,2010,7.3
5,Total Unemployment,South America,2015,7.3
5,Total Unemployment,South America,2019,9.2
143,Total Unemployment,Central Asia,2005,8.1
143,Total Unemployment,Central Asia,2010,7.5
143,Total Unemployment,Central Asia,2015,7.0
143,Total Unemployment,Central Asia,2019,6.5
30,Total Unemployment,Eastern Asia,2005,4.2
30,Total Unemployment,Eastern Asia,2010,4.3
30,Total Unemployment,Eastern Asia,2015,4.5
30,Total Unemployment,Eastern Asia,2019,4.5
35,Total Unemployment,South-eastern Asia,2005,4.4
35,Total Unemployment,South-eastern Asia,2010,3.5
35,Total Unemployment,South-eastern Asia,2015,2.9
35,Total Unemployment,South-eastern Asia,2019,2.8
34,Total Unemployment,Southern Asia,2005,5.0
34,Total Unemployment,Southern Asia,2010,3.7
34,Total Unemployment,Southern Asia,2015,4.0
34,Total Unemployment,Southern Asia,2019,4.1
145,Total Unemployment,Western Asia,2005,8.7
145,Total Unemployment,Western Asia,2010,8.0
145,Total Unemployment,Western Asia,2015,7.7
145,Total Unemployment,Western Asia,2019,7.8
134,Total Unemployment,Caucasus,2005,10.7
134,Total Unemployment,Caucasus,2010,10.4
134,Total Unemployment,Caucasus,2015,9.6
134,Total Unemployment,Caucasus,2019,10.1
151,Total Unemployment,Eastern Europe,2005,8.5
151,Total Unemployment,Eastern Europe,2010,7.8
151,Total Unemployment,Eastern Europe,2015,6.4
151,Total Unemployment,Eastern Europe,2019,5.1
154,Total Unemployment,Northern Europe,2005,5.5
154,Total Unemployment,Northern Europe,2010,8.6
154,Total Unemployment,Northern Europe,2015,6.1
154,Total Unemployment,Northern Europe,2019,4.7
39,Total Unemployment,Southern Europe,2005,10.4
39,Total Unemployment,Southern Europe,2010,14.3
39,Total Unemployment,Southern Europe,2015,17.3
39,Total Unemployment,Southern Europe,2019,12.3
155,Total Unemployment,Western Europe,2005,9.0
155,Total Unemployment,Western Europe,2010,7.2
155,Total Unemployment,Western Europe,2015,6.9
155,Total Unemployment,Western Europe,2019,5.4
9,Total Unemployment,Oceania,2005,4.5
9,Total Unemployment,Oceania,2010,5.0
9,Total Unemployment,Oceania,2015,5.5
9,Total Unemployment,Oceania,2019,5.1
4,Total Unemployment,Afghanistan,2005,8.5
4,Total Unemployment,Afghanistan,2010,7.8
4,Total Unemployment,Afghanistan,2015,8.9
4,Total Unemployment,Afghanistan,2019,8.8
8,Total Unemployment,Albania,2005,17.5
8,Total Unemployment,Albania,2010,14.2
8,Total Unemployment,Albania,2015,17.1
8,Total Unemployment,Albania,2019,15.1
12,Total Unemployment,Algeria,2005,15.3
12,Total Unemployment,Algeria,2010,10.0
12,Total Unemployment,Algeria,2015,11.2
12,Total Unemployment,Algeria,2019,9.9
16,Total Unemployment,American Samoa,2000,5.1
16,Total Unemployment,American Samoa,2010,9.2
24,Total Unemployment,Angola,2005,21.4
24,Total Unemployment,Angola,2010,9.9
24,Total Unemployment,Angola,2015,7.3
24,Total Unemployment,Angola,2019,8.9
660,Total Unemployment,Anguilla,2002,7.8
28,Total Unemployment,Antigua and Barbuda,2001,8.4
32,Total Unemployment,Argentina,2005,11.5
32,Total Unemployment,Argentina,2010,7.7
32,Total Unemployment,Argentina,2015,7.2
32,Total Unemployment,Argentina,2019,7.9
51,Total Unemployment,Armenia,2005,16.1
51,Total Unemployment,Armenia,2010,19.0
51,Total Unemployment,Armenia,2015,18.3
51,Total Unemployment,Armenia,2019,18.4
533,Total Unemployment,Aruba,2001,6.9
533,Total Unemployment,Aruba,2010,10.6
36,Total Unemployment,Australia,2005,5.0
36,Total Unemployment,Australia,2010,5.2
36,Total Unemployment,Australia,2015,6.1
36,Total Unemployment,Australia,2019,5.5
40,Total Unemployment,Austria,2005,5.6
40,Total Unemployment,Austria,2010,4.8
40,Total Unemployment,Austria,2015,5.7
40,Total Unemployment,Austria,2019,5.4
31,Total Unemployment,Azerbaijan,2005,7.3
31,Total Unemployment,Azerbaijan,2010,5.6
31,Total Unemployment,Azerbaijan,2015,5.0
31,Total Unemployment,Azerbaijan,2019,5.0
44,Total Unemployment,Bahamas,2005,10.2
44,Total Unemployment,Bahamas,2010,14.3
44,Total Unemployment,Bahamas,2015,12.0
44,Total Unemployment,Bahamas,2019,11.4
48,Total Unemployment,Bahrain,2005,1.3
48,Total Unemployment,Bahrain,2010,1.1
48,Total Unemployment,Bahrain,2015,1.2
48,Total Unemployment,Bahrain,2019,1.2
50,Total Unemployment,Bangladesh,2005,4.3
50,Total Unemployment,Bangladesh,2010,3.4
50,Total Unemployment,Bangladesh,2015,4.4
50,Total Unemployment,Bangladesh,2019,4.4
52,Total Unemployment,Barbados,2005,9.1
52,Total Unemployment,Barbados,2010,10.7
52,Total Unemployment,Barbados,2015,11.4
52,Total Unemployment,Barbados,2019,9.4
112,Total Unemployment,Belarus,2005,0.9
112,Total Unemployment,Belarus,2010,1.2
112,Total Unemployment,Belarus,2015,0.5
112,Total Unemployment,Belarus,2019,0.5
56,Total Unemployment,Belgium,2005,8.4
56,Total Unemployment,Belgium,2010,8.3
56,Total Unemployment,Belgium,2015,8.5
56,Total Unemployment,Belgium,2019,6.5
84,Total Unemployment,Belize,2005,11.0
84,Total Unemployment,Belize,2010,11.4
84,Total Unemployment,Belize,2015,10.0
84,Total Unemployment,Belize,2019,9.3
204,Total Unemployment,Benin,2005,0.9
204,Total Unemployment,Benin,2010,1.0
204,Total Unemployment,Benin,2015,2.6
204,Total Unemployment,Benin,2019,2.3
60,Total Unemployment,Bermuda,2000,2.7
60,Total Unemployment,Bermuda,2009,4.5
60,Total Unemployment,Bermuda,2012,8.4
60,Total Unemployment,Bermuda,2013,6.7
64,Total Unemployment,Bhutan,2005,3.1
64,Total Unemployment,Bhutan,2010,3.3
64,Total Unemployment,Bhutan,2015,2.5
64,Total Unemployment,Bhutan,2019,2.5
68,Total Unemployment,Bolivia (Plurin. State of),2005,5.1
68,Total Unemployment,Bolivia (Plurin. State of),2010,2.5
68,Total Unemployment,Bolivia (Plurin. State of),2015,3.1
68,Total Unemployment,Bolivia (Plurin. State of),2019,3.2
70,Total Unemployment,Bosnia and Herzegovina,2005,30.1
70,Total Unemployment,Bosnia and Herzegovina,2010,27.2
70,Total Unemployment,Bosnia and Herzegovina,2015,27.7
70,Total Unemployment,Bosnia and Herzegovina,2019,26.5
72,Total Unemployment,Botswana,2005,20.8
72,Total Unemployment,Botswana,2010,17.9
72,Total Unemployment,Botswana,2015,17.0
72,Total Unemployment,Botswana,2019,17.8
76,Total Unemployment,Brazil,2005,9.3
76,Total Unemployment,Brazil,2010,7.3
76,Total Unemployment,Brazil,2015,8.4
76,Total Unemployment,Brazil,2019,11.6
96,Total Unemployment,Brunei Darussalam,2005,5.9
96,Total Unemployment,Brunei Darussalam,2010,6.2
96,Total Unemployment,Brunei Darussalam,2015,6.8
96,Total Unemployment,Brunei Darussalam,2019,6.8
100,Total Unemployment,Bulgaria,2005,10.1
100,Total Unemployment,Bulgaria,2010,10.3
100,Total Unemployment,Bulgaria,2015,9.1
100,Total Unemployment,Bulgaria,2019,4.4
854,Total Unemployment,Burkina Faso,2005,4.0
854,Total Unemployment,Burkina Faso,2010,4.7
854,Total Unemployment,Burkina Faso,2015,6.5
854,Total Unemployment,Burkina Faso,2019,6.2
108,Total Unemployment,Burundi,2005,1.7
108,Total Unemployment,Burundi,2010,1.6
108,Total Unemployment,Burundi,2015,1.6
108,Total Unemployment,Burundi,2019,1.5
132,Total Unemployment,Cabo Verde,2005,11.2
132,Total Unemployment,Cabo Verde,2010,10.7
132,Total Unemployment,Cabo Verde,2015,10.3
132,Total Unemployment,Cabo Verde,2019,10.4
116,Total Unemployment,Cambodia,2005,2.0
116,Total Unemployment,Cambodia,2010,0.4
116,Total Unemployment,Cambodia,2015,0.2
116,Total Unemployment,Cambodia,2019,0.3
120,Total Unemployment,Cameroon,2005,4.4
120,Total Unemployment,Cameroon,2010,4.1
120,Total Unemployment,Cameroon,2015,4.3
120,Total Unemployment,Cameroon,2019,4.2
124,Total Unemployment,Canada,2005,6.8
124,Total Unemployment,Canada,2010,8.1
124,Total Unemployment,Canada,2015,6.9
124,Total Unemployment,Canada,2019,5.9
136,Total Unemployment,Cayman Islands,2005,3.5
136,Total Unemployment,Cayman Islands,2009,6.0
136,Total Unemployment,Cayman Islands,2010,6.7
136,Total Unemployment,Cayman Islands,2013,6.3
140,Total Unemployment,Central African Republic,2005,6.2
140,Total Unemployment,Central African Republic,2010,6.3
140,Total Unemployment,Central African Republic,2015,6.4
140,Total Unemployment,Central African Republic,2019,5.6
148,Total Unemployment,Chad,2005,5.7
148,Total Unemployment,Chad,2010,5.8
148,Total Unemployment,Chad,2015,5.7
148,Total Unemployment,Chad,2019,5.9
830,Total Unemployment,Channel Islands,2005,9.3
830,Total Unemployment,Channel Islands,2010,9.7
830,Total Unemployment,Channel Islands,2015,9.6
830,Total Unemployment,Channel Islands,2019,9.2
152,Total Unemployment,Chile,2005,8.0
152,Total Unemployment,Chile,2010,8.4
152,Total Unemployment,Chile,2015,6.5
152,Total Unemployment,Chile,2019,7.1
156,Total Unemployment,China,2005,4.1
156,Total Unemployment,China,2010,4.2
156,Total Unemployment,China,2015,4.6
156,Total Unemployment,China,2019,4.8
344,Total Unemployment,"China, Hong Kong SAR",2005,5.6
344,Total Unemployment,"China, Hong Kong SAR",2010,4.3
344,Total Unemployment,"China, Hong Kong SAR",2015,3.3
344,Total Unemployment,"China, Hong Kong SAR",2019,2.9
446,Total Unemployment,"China, Macao SAR",2005,4.2
446,Total Unemployment,"China, Macao SAR",2010,2.8
446,Total Unemployment,"China, Macao SAR",2015,1.8
446,Total Unemployment,"China, Macao SAR",2019,2.0
170,Total Unemployment,Colombia,2005,11.9
170,Total Unemployment,Colombia,2010,10.9
170,Total Unemployment,Colombia,2015,8.2
170,Total Unemployment,Colombia,2019,9.2
174,Total Unemployment,Comoros,2005,4.5
174,Total Unemployment,Comoros,2010,4.4
174,Total Unemployment,Comoros,2015,4.4
174,Total Unemployment,Comoros,2019,4.3
178,Total Unemployment,Congo,2005,19.8
178,Total Unemployment,Congo,2010,14.6
178,Total Unemployment,Congo,2015,10.0
178,Total Unemployment,Congo,2019,11.5
184,Total Unemployment,Cook Islands,2001,13.1
184,Total Unemployment,Cook Islands,2006,6.9
184,Total Unemployment,Cook Islands,2011,8.2
188,Total Unemployment,Costa Rica,2005,6.6
188,Total Unemployment,Costa Rica,2010,8.9
188,Total Unemployment,Costa Rica,2015,9.3
188,Total Unemployment,Costa Rica,2019,7.9
384,Total Unemployment,Côte dIvoire,2005,3.5
384,Total Unemployment,Côte dIvoire,2010,3.1
384,Total Unemployment,Côte dIvoire,2015,2.7
384,Total Unemployment,Côte dIvoire,2019,2.6
191,Total Unemployment,Croatia,2005,12.6
191,Total Unemployment,Croatia,2010,11.6
191,Total Unemployment,Croatia,2015,16.2
191,Total Unemployment,Croatia,2019,8.4
192,Total Unemployment,Cuba,2005,2.0
192,Total Unemployment,Cuba,2010,2.5
192,Total Unemployment,Cuba,2015,2.4
192,Total Unemployment,Cuba,2019,2.6
531,Total Unemployment,Curaçao,2005,18.2
531,Total Unemployment,Curaçao,2008,10.3
531,Total Unemployment,Curaçao,2009,9.6
531,Total Unemployment,Curaçao,2013,13.0
196,Total Unemployment,Cyprus,2005,5.3
196,Total Unemployment,Cyprus,2010,6.3
196,Total Unemployment,Cyprus,2015,14.9
196,Total Unemployment,Cyprus,2019,9.9
203,Total Unemployment,Czechia,2005,7.9
203,Total Unemployment,Czechia,2010,7.3
203,Total Unemployment,Czechia,2015,5.1
203,Total Unemployment,Czechia,2019,2.1
408,Total Unemployment,Dem. People's Rep. Korea,2005,4.5
408,Total Unemployment,Dem. People's Rep. Korea,2010,4.6
408,Total Unemployment,Dem. People's Rep. Korea,2015,4.5
408,Total Unemployment,Dem. People's Rep. Korea,2019,4.7
180,Total Unemployment,Dem. Rep. of the Congo,2005,3.7
180,Total Unemployment,Dem. Rep. of the Congo,2010,3.7
180,Total Unemployment,Dem. Rep. of the Congo,2015,3.7
180,Total Unemployment,Dem. Rep. of the Congo,2019,3.7
208,Total Unemployment,Denmark,2005,4.8
208,Total Unemployment,Denmark,2010,7.5
208,Total Unemployment,Denmark,2015,6.2
208,Total Unemployment,Denmark,2019,5.3
262,Total Unemployment,Djibouti,2005,6.4
262,Total Unemployment,Djibouti,2010,6.2
262,Total Unemployment,Djibouti,2015,5.9
262,Total Unemployment,Djibouti,2019,5.8
212,Total Unemployment,Dominica,2001,11.0
214,Total Unemployment,Dominican Republic,2005,6.5
214,Total Unemployment,Dominican Republic,2010,5.0
214,Total Unemployment,Dominican Republic,2015,5.9
214,Total Unemployment,Dominican Republic,2019,5.5
218,Total Unemployment,Ecuador,2005,7.7
218,Total Unemployment,Ecuador,2010,4.1
218,Total Unemployment,Ecuador,2015,3.6
218,Total Unemployment,Ecuador,2019,4.2
818,Total Unemployment,Egypt,2005,11.2
818,Total Unemployment,Egypt,2010,11.9
818,Total Unemployment,Egypt,2015,13.1
818,Total Unemployment,Egypt,2019,11.6
222,Total Unemployment,El Salvador,2005,7.2
222,Total Unemployment,El Salvador,2010,4.9
222,Total Unemployment,El Salvador,2015,4.0
222,Total Unemployment,El Salvador,2019,4.6
226,Total Unemployment,Equatorial Guinea,2005,5.8
226,Total Unemployment,Equatorial Guinea,2010,5.6
226,Total Unemployment,Equatorial Guinea,2015,5.5
226,Total Unemployment,Equatorial Guinea,2019,8.1
232,Total Unemployment,Eritrea,2005,7.0
232,Total Unemployment,Eritrea,2010,6.8
232,Total Unemployment,Eritrea,2015,6.6
232,Total Unemployment,Eritrea,2019,6.2
233,Total Unemployment,Estonia,2005,8.0
233,Total Unemployment,Estonia,2010,16.7
233,Total Unemployment,Estonia,2015,6.2
233,Total Unemployment,Estonia,2019,5.5
231,Total Unemployment,Ethiopia,2005,5.4
231,Total Unemployment,Ethiopia,2010,5.2
231,Total Unemployment,Ethiopia,2015,5.0
231,Total Unemployment,Ethiopia,2019,5.4
238,Total Unemployment,Falkland Islands (Malvinas),2013,1.2
234,Total Unemployment,Faroe Islands,2005,3.2
234,Total Unemployment,Faroe Islands,2010,6.4
234,Total Unemployment,Faroe Islands,2013,4.0
242,Total Unemployment,Fiji,2005,4.6
242,Total Unemployment,Fiji,2010,8.9
242,Total Unemployment,Fiji,2015,6.1
242,Total Unemployment,Fiji,2019,6.2
246,Total Unemployment,Finland,2005,8.4
246,Total Unemployment,Finland,2010,8.4
246,Total Unemployment,Finland,2015,9.4
246,Total Unemployment,Finland,2019,8.1
250,Total Unemployment,France,2005,8.5
250,Total Unemployment,France,2010,8.9
250,Total Unemployment,France,2015,10.4
250,Total Unemployment,France,2019,8.6
254,Total Unemployment,French Guiana,2005,24.8
254,Total Unemployment,French Guiana,2010,21.0
254,Total Unemployment,French Guiana,2013,21.3
258,Total Unemployment,French Polynesia,2005,11.8
258,Total Unemployment,French Polynesia,2010,18.0
258,Total Unemployment,French Polynesia,2015,21.4
258,Total Unemployment,French Polynesia,2019,20.2
266,Total Unemployment,Gabon,2005,16.9
266,Total Unemployment,Gabon,2010,20.4
266,Total Unemployment,Gabon,2015,20.0
266,Total Unemployment,Gabon,2019,19.2
270,Total Unemployment,Gambia,2005,9.4
270,Total Unemployment,Gambia,2010,9.4
270,Total Unemployment,Gambia,2015,9.4
270,Total Unemployment,Gambia,2019,9.5
268,Total Unemployment,Georgia,2005,13.8
268,Total Unemployment,Georgia,2010,16.3
268,Total Unemployment,Georgia,2015,12.0
268,Total Unemployment,Georgia,2019,11.6
276,Total Unemployment,Germany,2005,11.2
276,Total Unemployment,Germany,2010,7.0
276,Total Unemployment,Germany,2015,4.6
276,Total Unemployment,Germany,2019,3.6
288,Total Unemployment,Ghana,2005,4.7
288,Total Unemployment,Ghana,2010,5.3
288,Total Unemployment,Ghana,2015,2.2
288,Total Unemployment,Ghana,2019,2.5
300,Total Unemployment,Greece,2005,10.0
300,Total Unemployment,Greece,2010,12.7
300,Total Unemployment,Greece,2015,24.9
300,Total Unemployment,Greece,2019,19.5
304,Total Unemployment,Greenland,2005,9.3
304,Total Unemployment,Greenland,2006,8.4
304,Total Unemployment,Greenland,2013,9.7
308,Total Unemployment,Grenada,2001,10.2
312,Total Unemployment,Guadeloupe,2005,25.9
312,Total Unemployment,Guadeloupe,2010,23.8
312,Total Unemployment,Guadeloupe,2013,26.1
316,Total Unemployment,Guam,2005,7.0
316,Total Unemployment,Guam,2010,8.2
316,Total Unemployment,Guam,2015,6.9
316,Total Unemployment,Guam,2019,6.5
320,Total Unemployment,Guatemala,2005,2.5
320,Total Unemployment,Guatemala,2010,3.7
320,Total Unemployment,Guatemala,2015,2.7
320,Total Unemployment,Guatemala,2019,2.6
324,Total Unemployment,Guinea,2005,4.6
324,Total Unemployment,Guinea,2010,4.6
324,Total Unemployment,Guinea,2015,4.5
324,Total Unemployment,Guinea,2019,4.5
624,Total Unemployment,Guinea-Bissau,2005,6.5
624,Total Unemployment,Guinea-Bissau,2010,6.3
624,Total Unemployment,Guinea-Bissau,2015,6.2
624,Total Unemployment,Guinea-Bissau,2019,6.0
328,Total Unemployment,Guyana,2005,12.4
328,Total Unemployment,Guyana,2010,10.9
328,Total Unemployment,Guyana,2015,11.8
328,Total Unemployment,Guyana,2019,11.8
332,Total Unemployment,Haiti,2005,15.0
332,Total Unemployment,Haiti,2010,16.0
332,Total Unemployment,Haiti,2015,14.1
332,Total Unemployment,Haiti,2019,13.8
340,Total Unemployment,Honduras,2005,4.9
340,Total Unemployment,Honduras,2010,4.1
340,Total Unemployment,Honduras,2015,4.6
340,Total Unemployment,Honduras,2019,4.3
348,Total Unemployment,Hungary,2005,7.2
348,Total Unemployment,Hungary,2010,11.2
348,Total Unemployment,Hungary,2015,6.8
348,Total Unemployment,Hungary,2019,3.5
352,Total Unemployment,Iceland,2005,2.6
352,Total Unemployment,Iceland,2010,7.6
352,Total Unemployment,Iceland,2015,4.0
352,Total Unemployment,Iceland,2019,2.9
356,Total Unemployment,India,2005,4.4
356,Total Unemployment,India,2010,3.5
356,Total Unemployment,India,2015,3.5
356,Total Unemployment,India,2019,3.5
360,Total Unemployment,Indonesia,2005,7.7
360,Total Unemployment,Indonesia,2010,5.6
360,Total Unemployment,Indonesia,2015,4.5
360,Total Unemployment,Indonesia,2019,4.5
364,Total Unemployment,Iran (Islamic Republic of),2005,12.1
364,Total Unemployment,Iran (Islamic Republic of),2010,13.5
364,Total Unemployment,Iran (Islamic Republic of),2015,11.1
364,Total Unemployment,Iran (Islamic Republic of),2019,12.2
368,Total Unemployment,Iraq,2005,8.6
368,Total Unemployment,Iraq,2010,8.3
368,Total Unemployment,Iraq,2015,8.1
368,Total Unemployment,Iraq,2019,8.3
372,Total Unemployment,Ireland,2005,4.3
372,Total Unemployment,Ireland,2010,13.9
372,Total Unemployment,Ireland,2015,9.4
372,Total Unemployment,Ireland,2019,6.0
833,Total Unemployment,Isle of Man,2001,1.6
833,Total Unemployment,Isle of Man,2006,2.4
833,Total Unemployment,Isle of Man,2011,3.3
833,Total Unemployment,Isle of Man,2013,2.6
376,Total Unemployment,Israel,2005,11.3
376,Total Unemployment,Israel,2010,8.5
376,Total Unemployment,Israel,2015,5.3
376,Total Unemployment,Israel,2019,3.8
380,Total Unemployment,Italy,2005,7.7
380,Total Unemployment,Italy,2010,8.4
380,Total Unemployment,Italy,2015,11.9
380,Total Unemployment,Italy,2019,10.4
388,Total Unemployment,Jamaica,2005,10.9
388,Total Unemployment,Jamaica,2010,12.4
388,Total Unemployment,Jamaica,2015,13.5
388,Total Unemployment,Jamaica,2019,11.9
392,Total Unemployment,Japan,2005,4.4
392,Total Unemployment,Japan,2010,5.1
392,Total Unemployment,Japan,2015,3.3
392,Total Unemployment,Japan,2019,2.4
400,Total Unemployment,Jordan,2005,14.8
400,Total Unemployment,Jordan,2010,12.5
400,Total Unemployment,Jordan,2015,13.1
400,Total Unemployment,Jordan,2019,14.5
398,Total Unemployment,Kazakhstan,2005,8.1
398,Total Unemployment,Kazakhstan,2010,5.8
398,Total Unemployment,Kazakhstan,2015,4.9
398,Total Unemployment,Kazakhstan,2019,5.2
404,Total Unemployment,Kenya,2005,10.5
404,Total Unemployment,Kenya,2010,12.1
404,Total Unemployment,Kenya,2015,11.6
404,Total Unemployment,Kenya,2019,11.4
296,Total Unemployment,Kiribati,2005,14.7
296,Total Unemployment,Kiribati,2010,30.6
412,Total Unemployment,Kosovo,2005,41.4
412,Total Unemployment,Kosovo,2009,45.4
412,Total Unemployment,Kosovo,2012,30.9
414,Total Unemployment,Kuwait,2005,2.0
414,Total Unemployment,Kuwait,2010,1.8
414,Total Unemployment,Kuwait,2015,2.2
414,Total Unemployment,Kuwait,2019,2.0
417,Total Unemployment,Kyrgyzstan,2005,8.1
417,Total Unemployment,Kyrgyzstan,2010,8.6
417,Total Unemployment,Kyrgyzstan,2015,7.6
417,Total Unemployment,Kyrgyzstan,2019,7.4
418,Total Unemployment,Lao People's Dem. Rep.,2005,1.4
418,Total Unemployment,Lao People's Dem. Rep.,2010,0.7
418,Total Unemployment,Lao People's Dem. Rep.,2015,0.7
418,Total Unemployment,Lao People's Dem. Rep.,2019,0.7
428,Total Unemployment,Latvia,2005,10.0
428,Total Unemployment,Latvia,2010,19.5
428,Total Unemployment,Latvia,2015,9.9
428,Total Unemployment,Latvia,2019,8.5
422,Total Unemployment,Lebanon,2005,8.1
422,Total Unemployment,Lebanon,2010,6.4
422,Total Unemployment,Lebanon,2015,6.6
422,Total Unemployment,Lebanon,2019,6.7
426,Total Unemployment,Lesotho,2005,37.2
426,Total Unemployment,Lesotho,2010,25.9
426,Total Unemployment,Lesotho,2015,27.0
426,Total Unemployment,Lesotho,2019,28.2
430,Total Unemployment,Liberia,2005,5.6
430,Total Unemployment,Liberia,2010,2.3
430,Total Unemployment,Liberia,2015,2.3
430,Total Unemployment,Liberia,2019,2.5
434,Total Unemployment,Libya,2005,20.0
434,Total Unemployment,Libya,2010,18.6
434,Total Unemployment,Libya,2015,18.4
434,Total Unemployment,Libya,2019,15.0
438,Total Unemployment,Liechtenstein,2010,2.6
438,Total Unemployment,Liechtenstein,2013,2.6
440,Total Unemployment,Lithuania,2005,8.3
440,Total Unemployment,Lithuania,2010,17.8
440,Total Unemployment,Lithuania,2015,9.1
440,Total Unemployment,Lithuania,2019,6.8
442,Total Unemployment,Luxembourg,2005,4.5
442,Total Unemployment,Luxembourg,2010,4.4
442,Total Unemployment,Luxembourg,2015,6.7
442,Total Unemployment,Luxembourg,2019,5.2
450,Total Unemployment,Madagascar,2005,2.3
450,Total Unemployment,Madagascar,2010,3.8
450,Total Unemployment,Madagascar,2015,1.8
450,Total Unemployment,Madagascar,2019,1.8
454,Total Unemployment,Malawi,2005,7.8
454,Total Unemployment,Malawi,2010,6.7
454,Total Unemployment,Malawi,2015,5.9
454,Total Unemployment,Malawi,2019,6.0
458,Total Unemployment,Malaysia,2005,3.5
458,Total Unemployment,Malaysia,2010,3.3
458,Total Unemployment,Malaysia,2015,3.1
458,Total Unemployment,Malaysia,2019,3.3
462,Total Unemployment,Maldives,2005,3.8
462,Total Unemployment,Maldives,2010,4.6
462,Total Unemployment,Maldives,2015,5.1
462,Total Unemployment,Maldives,2019,4.9
466,Total Unemployment,Mali,2005,9.5
466,Total Unemployment,Mali,2010,8.1
466,Total Unemployment,Mali,2015,7.7
466,Total Unemployment,Mali,2019,8.1
470,Total Unemployment,Malta,2005,6.9
470,Total Unemployment,Malta,2010,6.9
470,Total Unemployment,Malta,2015,5.4
470,Total Unemployment,Malta,2019,3.8
584,Total Unemployment,Marshall Islands,2011,4.7
474,Total Unemployment,Martinique,2005,18.7
474,Total Unemployment,Martinique,2010,21.0
474,Total Unemployment,Martinique,2013,22.8
478,Total Unemployment,Mauritania,2005,10.6
478,Total Unemployment,Mauritania,2010,10.2
478,Total Unemployment,Mauritania,2015,9.9
478,Total Unemployment,Mauritania,2019,9.9
480,Total Unemployment,Mauritius,2005,9.6
480,Total Unemployment,Mauritius,2010,7.7
480,Total Unemployment,Mauritius,2015,7.9
480,Total Unemployment,Mauritius,2019,7.0
484,Total Unemployment,Mexico,2005,3.6
484,Total Unemployment,Mexico,2010,5.3
484,Total Unemployment,Mexico,2015,4.3
484,Total Unemployment,Mexico,2019,3.3
492,Total Unemployment,Monaco,2000,3.6
496,Total Unemployment,Mongolia,2005,3.3
496,Total Unemployment,Mongolia,2010,6.6
496,Total Unemployment,Mongolia,2015,4.9
496,Total Unemployment,Mongolia,2019,6.2
499,Total Unemployment,Montenegro,2005,30.3
499,Total Unemployment,Montenegro,2010,19.7
499,Total Unemployment,Montenegro,2015,17.5
499,Total Unemployment,Montenegro,2019,16.2
500,Total Unemployment,Montserrat,2001,9.5
500,Total Unemployment,Montserrat,2011,5.6
504,Total Unemployment,Morocco,2005,11.0
504,Total Unemployment,Morocco,2010,9.1
504,Total Unemployment,Morocco,2015,9.7
504,Total Unemployment,Morocco,2019,9.3
508,Total Unemployment,Mozambique,2005,21.7
508,Total Unemployment,Mozambique,2010,22.2
508,Total Unemployment,Mozambique,2015,25.3
508,Total Unemployment,Mozambique,2019,24.8
104,Total Unemployment,Myanmar,2005,0.9
104,Total Unemployment,Myanmar,2010,0.8
104,Total Unemployment,Myanmar,2015,0.8
104,Total Unemployment,Myanmar,2019,0.8
516,Total Unemployment,Namibia,2005,22.2
516,Total Unemployment,Namibia,2010,22.1
516,Total Unemployment,Namibia,2015,19.6
516,Total Unemployment,Namibia,2019,23.2
520,Total Unemployment,Nauru,2002,22.7
520,Total Unemployment,Nauru,2011,23.0
524,Total Unemployment,Nepal,2005,1.5
524,Total Unemployment,Nepal,2010,2.1
524,Total Unemployment,Nepal,2015,3.1
524,Total Unemployment,Nepal,2019,2.7
528,Total Unemployment,Netherlands,2005,4.7
528,Total Unemployment,Netherlands,2010,4.5
528,Total Unemployment,Netherlands,2015,6.9
528,Total Unemployment,Netherlands,2019,3.4
540,Total Unemployment,New Caledonia,2005,15.8
540,Total Unemployment,New Caledonia,2010,14.2
540,Total Unemployment,New Caledonia,2015,14.6
540,Total Unemployment,New Caledonia,2019,14.8
554,Total Unemployment,New Zealand,2005,3.8
554,Total Unemployment,New Zealand,2010,6.1
554,Total Unemployment,New Zealand,2015,5.4
554,Total Unemployment,New Zealand,2019,5.2
558,Total Unemployment,Nicaragua,2005,5.4
558,Total Unemployment,Nicaragua,2010,7.8
558,Total Unemployment,Nicaragua,2015,4.5
558,Total Unemployment,Nicaragua,2019,4.5
562,Total Unemployment,Niger,2005,3.1
562,Total Unemployment,Niger,2010,0.9
562,Total Unemployment,Niger,2015,0.3
562,Total Unemployment,Niger,2019,0.4
566,Total Unemployment,Nigeria,2005,4.3
566,Total Unemployment,Nigeria,2010,3.9
566,Total Unemployment,Nigeria,2015,4.3
566,Total Unemployment,Nigeria,2019,7.0
570,Total Unemployment,Niue,2001,2.2
570,Total Unemployment,Niue,2002,9.7
807,Total Unemployment,North Macedonia,2005,37.3
807,Total Unemployment,North Macedonia,2010,32.0
807,Total Unemployment,North Macedonia,2015,26.1
807,Total Unemployment,North Macedonia,2019,22.0
580,Total Unemployment,Northern Mariana Islands,2003,4.6
580,Total Unemployment,Northern Mariana Islands,2005,6.5
580,Total Unemployment,Northern Mariana Islands,2010,11.2
578,Total Unemployment,Norway,2005,4.4
578,Total Unemployment,Norway,2010,3.5
578,Total Unemployment,Norway,2015,4.3
578,Total Unemployment,Norway,2019,3.9
512,Total Unemployment,Oman,2005,4.2
512,Total Unemployment,Oman,2010,4.0
512,Total Unemployment,Oman,2015,3.3
512,Total Unemployment,Oman,2019,3.2
586,Total Unemployment,Pakistan,2005,7.7
586,Total Unemployment,Pakistan,2010,0.7
586,Total Unemployment,Pakistan,2015,3.6
586,Total Unemployment,Pakistan,2019,4.3
585,Total Unemployment,Palau,2005,4.2
591,Total Unemployment,Panama,2005,10.3
591,Total Unemployment,Panama,2010,6.5
591,Total Unemployment,Panama,2015,4.5
591,Total Unemployment,Panama,2019,4.7
598,Total Unemployment,Papua New Guinea,2005,2.5
598,Total Unemployment,Papua New Guinea,2010,2.0
598,Total Unemployment,Papua New Guinea,2015,2.6
598,Total Unemployment,Papua New Guinea,2019,2.7
600,Total Unemployment,Paraguay,2005,4.8
600,Total Unemployment,Paraguay,2010,4.6
600,Total Unemployment,Paraguay,2015,4.6
600,Total Unemployment,Paraguay,2019,4.6
604,Total Unemployment,Peru,2005,4.9
604,Total Unemployment,Peru,2010,3.5
604,Total Unemployment,Peru,2015,3.0
604,Total Unemployment,Peru,2019,3.7
608,Total Unemployment,Philippines,2005,3.8
608,Total Unemployment,Philippines,2010,3.6
608,Total Unemployment,Philippines,2015,3.0
608,Total Unemployment,Philippines,2019,1.8
616,Total Unemployment,Poland,2005,17.8
616,Total Unemployment,Poland,2010,9.6
616,Total Unemployment,Poland,2015,7.5
616,Total Unemployment,Poland,2019,4.4
620,Total Unemployment,Portugal,2005,7.6
620,Total Unemployment,Portugal,2010,10.8
620,Total Unemployment,Portugal,2015,12.4
620,Total Unemployment,Portugal,2019,6.7
630,Total Unemployment,Puerto Rico,2005,11.4
630,Total Unemployment,Puerto Rico,2010,16.4
630,Total Unemployment,Puerto Rico,2015,12.0
630,Total Unemployment,Puerto Rico,2019,10.3
634,Total Unemployment,Qatar,2005,1.2
634,Total Unemployment,Qatar,2010,0.5
634,Total Unemployment,Qatar,2015,0.2
634,Total Unemployment,Qatar,2019,0.1
410,Total Unemployment,Republic of Korea,2005,3.7
410,Total Unemployment,Republic of Korea,2010,3.7
410,Total Unemployment,Republic of Korea,2015,3.6
410,Total Unemployment,Republic of Korea,2019,3.6
498,Total Unemployment,Republic of Moldova,2005,7.3
498,Total Unemployment,Republic of Moldova,2010,7.5
498,Total Unemployment,Republic of Moldova,2015,3.7
498,Total Unemployment,Republic of Moldova,2019,4.3
638,Total Unemployment,Réunion,2005,30.1
638,Total Unemployment,Réunion,2010,28.9
638,Total Unemployment,Réunion,2013,28.9
642,Total Unemployment,Romania,2005,7.2
642,Total Unemployment,Romania,2010,7.0
642,Total Unemployment,Romania,2015,6.8
642,Total Unemployment,Romania,2019,5.0
643,Total Unemployment,Russian Federation,2005,7.2
643,Total Unemployment,Russian Federation,2010,7.4
643,Total Unemployment,Russian Federation,2015,5.6
643,Total Unemployment,Russian Federation,2019,4.9
646,Total Unemployment,Rwanda,2005,1.7
646,Total Unemployment,Rwanda,2010,3.0
646,Total Unemployment,Rwanda,2015,1.2
646,Total Unemployment,Rwanda,2019,1.4
654,Total Unemployment,Saint Helena,2005,5.2
654,Total Unemployment,Saint Helena,2010,2.0
659,Total Unemployment,Saint Kitts and Nevis,2001,5.1
662,Total Unemployment,Saint Lucia,2005,18.7
662,Total Unemployment,Saint Lucia,2010,20.6
662,Total Unemployment,Saint Lucia,2015,24.1
662,Total Unemployment,Saint Lucia,2019,19.8
670,Total Unemployment,Saint Vincent & Grenadines,2005,18.9
670,Total Unemployment,Saint Vincent & Grenadines,2010,18.8
670,Total Unemployment,Saint Vincent & Grenadines,2015,18.0
670,Total Unemployment,Saint Vincent & Grenadines,2019,18.2
882,Total Unemployment,Samoa,2005,2.1
882,Total Unemployment,Samoa,2010,4.8
882,Total Unemployment,Samoa,2015,8.8
882,Total Unemployment,Samoa,2019,8.0
674,Total Unemployment,San Marino,2010,4.4
674,Total Unemployment,San Marino,2014,6.6
678,Total Unemployment,Sao Tome and Principe,2005,16.5
678,Total Unemployment,Sao Tome and Principe,2010,14.6
678,Total Unemployment,Sao Tome and Principe,2015,13.4
678,Total Unemployment,Sao Tome and Principe,2019,13.5
682,Total Unemployment,Saudi Arabia,2005,6.1
682,Total Unemployment,Saudi Arabia,2010,5.6
682,Total Unemployment,Saudi Arabia,2015,5.6
682,Total Unemployment,Saudi Arabia,2019,5.3
686,Total Unemployment,Senegal,2005,9.0
686,Total Unemployment,Senegal,2010,10.2
686,Total Unemployment,Senegal,2015,4.9
686,Total Unemployment,Senegal,2019,4.8
688,Total Unemployment,Serbia,2005,20.9
688,Total Unemployment,Serbia,2010,19.2
688,Total Unemployment,Serbia,2015,17.9
688,Total Unemployment,Serbia,2019,12.2
690,Total Unemployment,Seychelles,2005,5.5
690,Total Unemployment,Seychelles,2011,4.1
694,Total Unemployment,Sierra Leone,2005,3.6
694,Total Unemployment,Sierra Leone,2010,4.3
694,Total Unemployment,Sierra Leone,2015,4.7
694,Total Unemployment,Sierra Leone,2019,4.3
702,Total Unemployment,Singapore,2005,5.6
702,Total Unemployment,Singapore,2010,3.2
702,Total Unemployment,Singapore,2015,1.7
702,Total Unemployment,Singapore,2019,1.7
703,Total Unemployment,Slovakia,2005,16.3
703,Total Unemployment,Slovakia,2010,14.4
703,Total Unemployment,Slovakia,2015,11.5
703,Total Unemployment,Slovakia,2019,7.0
705,Total Unemployment,Slovenia,2005,6.5
705,Total Unemployment,Slovenia,2010,7.2
705,Total Unemployment,Slovenia,2015,9.0
705,Total Unemployment,Slovenia,2019,6.0
90,Total Unemployment,Solomon Islands,2005,2.2
90,Total Unemployment,Solomon Islands,2010,2.1
90,Total Unemployment,Solomon Islands,2015,2.0
90,Total Unemployment,Solomon Islands,2019,2.1
706,Total Unemployment,Somalia,2005,5.9
706,Total Unemployment,Somalia,2010,6.0
706,Total Unemployment,Somalia,2015,6.1
706,Total Unemployment,Somalia,2019,5.9
710,Total Unemployment,South Africa,2005,23.8
710,Total Unemployment,South Africa,2010,24.7
710,Total Unemployment,South Africa,2015,25.2
710,Total Unemployment,South Africa,2019,27.6
728,Total Unemployment,South Sudan,2005,12.2
728,Total Unemployment,South Sudan,2010,12.1
728,Total Unemployment,South Sudan,2015,12.0
728,Total Unemployment,South Sudan,2019,11.5
724,Total Unemployment,Spain,2005,9.2
724,Total Unemployment,Spain,2010,19.9
724,Total Unemployment,Spain,2015,22.1
724,Total Unemployment,Spain,2019,13.4
144,Total Unemployment,Sri Lanka,2005,7.7
144,Total Unemployment,Sri Lanka,2010,4.9
144,Total Unemployment,Sri Lanka,2015,4.7
144,Total Unemployment,Sri Lanka,2019,4.2
275,Total Unemployment,State of Palestine,2005,23.5
275,Total Unemployment,State of Palestine,2010,23.7
275,Total Unemployment,State of Palestine,2015,25.8
275,Total Unemployment,State of Palestine,2019,26.4
729,Total Unemployment,Sudan,2005,13.1
729,Total Unemployment,Sudan,2010,12.8
729,Total Unemployment,Sudan,2015,12.8
729,Total Unemployment,Sudan,2019,12.7
740,Total Unemployment,Suriname,2005,9.8
740,Total Unemployment,Suriname,2010,7.6
740,Total Unemployment,Suriname,2015,7.2
740,Total Unemployment,Suriname,2019,8.0
748,Total Unemployment,Eswatini,2005,22.1
748,Total Unemployment,Eswatini,2010,27.8
748,Total Unemployment,Eswatini,2015,26.3
748,Total Unemployment,Eswatini,2019,26.5
752,Total Unemployment,Sweden,2005,7.7
752,Total Unemployment,Sweden,2010,8.6
752,Total Unemployment,Sweden,2015,7.4
752,Total Unemployment,Sweden,2019,6.3
756,Total Unemployment,Switzerland,2005,4.4
756,Total Unemployment,Switzerland,2010,4.8
756,Total Unemployment,Switzerland,2015,4.8
756,Total Unemployment,Switzerland,2019,4.7
760,Total Unemployment,Syrian Arab Republic,2005,9.2
760,Total Unemployment,Syrian Arab Republic,2010,8.6
760,Total Unemployment,Syrian Arab Republic,2015,14.7
760,Total Unemployment,Syrian Arab Republic,2019,14.9
762,Total Unemployment,Tajikistan,2005,11.2
762,Total Unemployment,Tajikistan,2010,11.7
762,Total Unemployment,Tajikistan,2015,10.4
762,Total Unemployment,Tajikistan,2019,10.3
764,Total Unemployment,Thailand,2005,1.4
764,Total Unemployment,Thailand,2010,0.6
764,Total Unemployment,Thailand,2015,0.6
764,Total Unemployment,Thailand,2019,1.4
626,Total Unemployment,Timor-Leste,2005,7.2
626,Total Unemployment,Timor-Leste,2010,3.3
626,Total Unemployment,Timor-Leste,2015,3.3
626,Total Unemployment,Timor-Leste,2019,3.5
768,Total Unemployment,Togo,2005,1.9
768,Total Unemployment,Togo,2010,1.9
768,Total Unemployment,Togo,2015,1.8
768,Total Unemployment,Togo,2019,1.9
776,Total Unemployment,Tonga,2005,3.1
776,Total Unemployment,Tonga,2010,1.1
776,Total Unemployment,Tonga,2015,1.1
776,Total Unemployment,Tonga,2019,1.2
780,Total Unemployment,Trinidad and Tobago,2005,8.0
780,Total Unemployment,Trinidad and Tobago,2010,5.9
780,Total Unemployment,Trinidad and Tobago,2015,3.4
780,Total Unemployment,Trinidad and Tobago,2019,5.1
788,Total Unemployment,Tunisia,2005,12.9
788,Total Unemployment,Tunisia,2010,13.1
788,Total Unemployment,Tunisia,2015,15.2
788,Total Unemployment,Tunisia,2019,15.1
792,Total Unemployment,Turkey,2005,10.6
792,Total Unemployment,Turkey,2010,10.7
792,Total Unemployment,Turkey,2015,10.2
792,Total Unemployment,Turkey,2019,11.2
795,Total Unemployment,Turkmenistan,2005,3.8
795,Total Unemployment,Turkmenistan,2010,4.0
795,Total Unemployment,Turkmenistan,2015,3.6
795,Total Unemployment,Turkmenistan,2019,3.3
796,Total Unemployment,Turks and Caicos Islands,2005,8.0
796,Total Unemployment,Turks and Caicos Islands,2008,8.3
798,Total Unemployment,Tuvalu,2005,6.5
800,Total Unemployment,Uganda,2005,1.9
800,Total Unemployment,Uganda,2010,4.0
800,Total Unemployment,Uganda,2015,1.9
800,Total Unemployment,Uganda,2019,2.3
804,Total Unemployment,Ukraine,2005,7.2
804,Total Unemployment,Ukraine,2010,8.1
804,Total Unemployment,Ukraine,2015,9.1
804,Total Unemployment,Ukraine,2019,8.6
784,Total Unemployment,United Arab Emirates,2005,3.1
784,Total Unemployment,United Arab Emirates,2010,3.7
784,Total Unemployment,United Arab Emirates,2015,1.9
784,Total Unemployment,United Arab Emirates,2019,1.7
826,Total Unemployment,United Kingdom,2005,4.8
826,Total Unemployment,United Kingdom,2010,7.8
826,Total Unemployment,United Kingdom,2015,5.3
826,Total Unemployment,United Kingdom,2019,3.9
834,Total Unemployment,United Rep. of Tanzania,2005,4.4
834,Total Unemployment,United Rep. of Tanzania,2010,3.0
834,Total Unemployment,United Rep. of Tanzania,2015,2.1
834,Total Unemployment,United Rep. of Tanzania,2019,2.3
840,Total Unemployment,United States of America,2005,5.1
840,Total Unemployment,United States of America,2010,9.6
840,Total Unemployment,United States of America,2015,5.3
840,Total Unemployment,United States of America,2019,4.1
850,Total Unemployment,United States Virgin Islands,2005,7.7
850,Total Unemployment,United States Virgin Islands,2010,7.3
850,Total Unemployment,United States Virgin Islands,2015,7.3
850,Total Unemployment,United States Virgin Islands,2019,7.0
858,Total Unemployment,Uruguay,2005,12.2
858,Total Unemployment,Uruguay,2010,7.2
858,Total Unemployment,Uruguay,2015,7.5
858,Total Unemployment,Uruguay,2019,8.2
860,Total Unemployment,Uzbekistan,2005,8.3
860,Total Unemployment,Uzbekistan,2010,8.2
860,Total Unemployment,Uzbekistan,2015,7.9
860,Total Unemployment,Uzbekistan,2019,6.7
548,Total Unemployment,Vanuatu,2005,5.6
548,Total Unemployment,Vanuatu,2010,5.4
548,Total Unemployment,Vanuatu,2015,5.3
548,Total Unemployment,Vanuatu,2019,5.2
862,Total Unemployment,Venezuela (Boliv. Rep. of),2005,11.5
862,Total Unemployment,Venezuela (Boliv. Rep. of),2010,8.5
862,Total Unemployment,Venezuela (Boliv. Rep. of),2015,6.8
862,Total Unemployment,Venezuela (Boliv. Rep. of),2019,7.7
704,Total Unemployment,Viet Nam,2005,2.3
704,Total Unemployment,Viet Nam,2010,2.6
704,Total Unemployment,Viet Nam,2015,2.1
704,Total Unemployment,Viet Nam,2019,2.1
732,Total Unemployment,Western Sahara,2005,8.1
732,Total Unemployment,Western Sahara,2010,7.9
732,Total Unemployment,Western Sahara,2015,7.6
732,Total Unemployment,Western Sahara,2019,7.2
887,Total Unemployment,Yemen,2005,16.1
887,Total Unemployment,Yemen,2010,17.8
887,Total Unemployment,Yemen,2015,13.8
887,Total Unemployment,Yemen,2019,14.0
894,Total Unemployment,Zambia,2005,10.4
894,Total Unemployment,Zambia,2010,13.2
894,Total Unemployment,Zambia,2015,7.8
894,Total Unemployment,Zambia,2019,7.8
716,Total Unemployment,Zimbabwe,2005,4.5
716,Total Unemployment,Zimbabwe,2010,5.3
716,Total Unemployment,Zimbabwe,2015,5.1
716,Total Unemployment,Zimbabwe,2019,5.0
97,Total Unemployment,European Union (EU),2005,8.9
97,Total Unemployment,European Union (EU),2010,9.5
97,Total Unemployment,European Union (EU),2015,9.4
97,Total Unemployment,European Union (EU),2019,6.7
